map,efficiencygap,seatswon,meanmedian,district,presd,countd,voteshareD,voteshareR
1,0.2682825702939787,2,-0.01687915993202815,1,138665,172551,0.495612611551685,0.504387388448315
1,0.2682825702939787,2,-0.01687915993202815,2,123329,123809,0.34989811865714454,0.6501018813428554
1,0.2682825702939787,2,-0.01687915993202815,3,273402,266123,0.7992881814086199,0.2007118185913801
1,0.2682825702939787,2,-0.01687915993202815,4,201833,186191,0.487735300435368,0.5122646995646319
1,0.2682825702939787,2,-0.01687915993202815,5,104566,126683,0.38483363660389625,0.6151663633961038
1,0.2682825702939787,2,-0.01687915993202815,6,130831,137984,0.4184757225608832,0.5815242774391168
1,0.2682825702939787,2,-0.01687915993202815,7,171287,180019,0.4921012418777695,0.5078987581222305
1,0.2682825702939787,2,-0.01687915993202815,8,223803,216415,0.626434635613409,0.37356536438659105
2,0.2682825702939787,2,-0.01687915993202815,1,138665,172551,0.495612611551685,0.504387388448315
2,0.2682825702939787,2,-0.01687915993202815,2,123329,123809,0.34989811865714454,0.6501018813428554
2,0.2682825702939787,2,-0.01687915993202815,3,273402,266123,0.7992881814086199,0.2007118185913801
2,0.2682825702939787,2,-0.01687915993202815,4,201833,186191,0.487735300435368,0.5122646995646319
2,0.2682825702939787,2,-0.01687915993202815,5,104566,126683,0.38483363660389625,0.6151663633961038
2,0.2682825702939787,2,-0.01687915993202815,6,130831,137984,0.4184757225608832,0.5815242774391168
2,0.2682825702939787,2,-0.01687915993202815,7,171287,180019,0.4921012418777695,0.5078987581222305
2,0.2682825702939787,2,-0.01687915993202815,8,223803,216415,0.626434635613409,0.37356536438659105
3,0.2682825702939787,2,-0.02222358752231013,1,141640,168429,0.48119959202214735,0.5188004079778527
3,0.2682825702939787,2,-0.02222358752231013,2,120354,127931,0.36345995948644955,0.6365400405135504
3,0.2682825702939787,2,-0.02222358752231013,3,273402,266123,0.7992881814086199,0.2007118185913801
3,0.2682825702939787,2,-0.02222358752231013,4,201833,186191,0.487735300435368,0.5122646995646319
3,0.2682825702939787,2,-0.02222358752231013,5,104566,126683,0.38483363660389625,0.6151663633961038
3,0.2682825702939787,2,-0.02222358752231013,6,130831,137984,0.4184757225608832,0.5815242774391168
3,0.2682825702939787,2,-0.02222358752231013,7,171287,180019,0.4921012418777695,0.5078987581222305
3,0.2682825702939787,2,-0.02222358752231013,8,223803,216415,0.626434635613409,0.37356536438659105
4,0.13130399586924985,3,-0.01786632904810065,1,141640,168429,0.48119959202214735,0.5188004079778527
4,0.13130399586924985,3,-0.01786632904810065,2,120354,127931,0.36345995948644955,0.6365400405135504
4,0.13130399586924985,3,-0.01786632904810065,3,276333,265155,0.7542497752796204,0.2457502247203796
4,0.13130399586924985,3,-0.01786632904810065,4,198902,187159,0.5153794045402976,0.4846205954597024
4,0.13130399586924985,3,-0.01786632904810065,5,104566,126683,0.38483363660389625,0.6151663633961038
4,0.13130399586924985,3,-0.01786632904810065,6,130831,137984,0.4184757225608832,0.5815242774391168
4,0.13130399586924985,3,-0.01786632904810065,7,171287,180019,0.4921012418777695,0.5078987581222305
4,0.13130399586924985,3,-0.01786632904810065,8,223803,216415,0.626434635613409,0.37356536438659105
5,0.13130399586924985,3,-0.01786632904810065,1,141640,168429,0.48119959202214735,0.5188004079778527
5,0.13130399586924985,3,-0.01786632904810065,2,120354,127931,0.36345995948644955,0.6365400405135504
5,0.13130399586924985,3,-0.01786632904810065,3,276333,265155,0.7542497752796204,0.2457502247203796
5,0.13130399586924985,3,-0.01786632904810065,4,198902,187159,0.5153794045402976,0.4846205954597024
5,0.13130399586924985,3,-0.01786632904810065,5,104566,126683,0.38483363660389625,0.6151663633961038
5,0.13130399586924985,3,-0.01786632904810065,6,130831,137984,0.4184757225608832,0.5815242774391168
5,0.13130399586924985,3,-0.01786632904810065,7,171287,180019,0.4921012418777695,0.5078987581222305
5,0.13130399586924985,3,-0.01786632904810065,8,223803,216415,0.626434635613409,0.37356536438659105
6,0.13130399586924985,3,-0.01786632904810065,1,141640,168429,0.48119959202214735,0.5188004079778527
6,0.13130399586924985,3,-0.01786632904810065,2,120354,127931,0.36345995948644955,0.6365400405135504
6,0.13130399586924985,3,-0.01786632904810065,3,276333,265155,0.7542497752796204,0.2457502247203796
6,0.13130399586924985,3,-0.01786632904810065,4,198902,187159,0.5153794045402976,0.4846205954597024
6,0.13130399586924985,3,-0.01786632904810065,5,104566,126683,0.38483363660389625,0.6151663633961038
6,0.13130399586924985,3,-0.01786632904810065,6,130831,137984,0.4184757225608832,0.5815242774391168
6,0.13130399586924985,3,-0.01786632904810065,7,171287,180019,0.4921012418777695,0.5078987581222305
6,0.13130399586924985,3,-0.01786632904810065,8,223803,216415,0.626434635613409,0.37356536438659105
7,0.13130399586924985,3,-0.01786632904810065,1,120354,127931,0.36345995948644955,0.6365400405135504
7,0.13130399586924985,3,-0.01786632904810065,2,141640,168429,0.48119959202214735,0.5188004079778527
7,0.13130399586924985,3,-0.01786632904810065,3,276333,265155,0.7542497752796204,0.2457502247203796
7,0.13130399586924985,3,-0.01786632904810065,4,198902,187159,0.5153794045402976,0.4846205954597024
7,0.13130399586924985,3,-0.01786632904810065,5,104566,126683,0.38483363660389625,0.6151663633961038
7,0.13130399586924985,3,-0.01786632904810065,6,130831,137984,0.4184757225608832,0.5815242774391168
7,0.13130399586924985,3,-0.01786632904810065,7,171287,180019,0.4921012418777695,0.5078987581222305
7,0.13130399586924985,3,-0.01786632904810065,8,223803,216415,0.626434635613409,0.37356536438659105
8,0.13130399586924985,3,-0.0183346086099585,1,120354,127931,0.36345995948644955,0.6365400405135504
8,0.13130399586924985,3,-0.0183346086099585,2,141640,168429,0.48119959202214735,0.5188004079778527
8,0.13130399586924985,3,-0.0183346086099585,3,276333,265155,0.7542497752796204,0.2457502247203796
8,0.13130399586924985,3,-0.0183346086099585,4,198902,187159,0.5153794045402976,0.4846205954597024
8,0.13130399586924985,3,-0.0183346086099585,5,171965,180966,0.49097361267112694,0.5090263873288731
8,0.13130399586924985,3,-0.0183346086099585,6,130831,137984,0.4184757225608832,0.5815242774391168
8,0.13130399586924985,3,-0.0183346086099585,7,103888,125736,0.38519698547883097,0.614803014521169
8,0.13130399586924985,3,-0.0183346086099585,8,223803,216415,0.626434635613409,0.37356536438659105
9,0.13130399586924985,3,-0.0183346086099585,1,120354,127931,0.36345995948644955,0.6365400405135504
9,0.13130399586924985,3,-0.0183346086099585,2,141640,168429,0.48119959202214735,0.5188004079778527
9,0.13130399586924985,3,-0.0183346086099585,3,276333,265155,0.7542497752796204,0.2457502247203796
9,0.13130399586924985,3,-0.0183346086099585,4,198902,187159,0.5153794045402976,0.4846205954597024
9,0.13130399586924985,3,-0.0183346086099585,5,171965,180966,0.49097361267112694,0.5090263873288731
9,0.13130399586924985,3,-0.0183346086099585,6,130831,137984,0.4184757225608832,0.5815242774391168
9,0.13130399586924985,3,-0.0183346086099585,7,103888,125736,0.38519698547883097,0.614803014521169
9,0.13130399586924985,3,-0.0183346086099585,8,223803,216415,0.626434635613409,0.37356536438659105
10,0.13130399586924985,3,-0.01858001224385563,1,119592,127509,0.36361743871696306,0.6363825612830369
10,0.13130399586924985,3,-0.01858001224385563,2,141640,168429,0.48119959202214735,0.5188004079778527
10,0.13130399586924985,3,-0.01858001224385563,3,276333,265155,0.7542497752796204,0.2457502247203796
10,0.13130399586924985,3,-0.01858001224385563,4,198902,187159,0.5153794045402976,0.4846205954597024
10,0.13130399586924985,3,-0.01858001224385563,5,172727,181388,0.49037169605757247,0.5096283039424275
10,0.13130399586924985,3,-0.01858001224385563,6,130831,137984,0.4184757225608832,0.5815242774391168
10,0.13130399586924985,3,-0.01858001224385563,7,103888,125736,0.38519698547883097,0.614803014521169
10,0.13130399586924985,3,-0.01858001224385563,8,223803,216415,0.626434635613409,0.37356536438659105
11,0.13130399586924985,3,-0.01858001224385563,1,119592,127509,0.36361743871696306,0.6363825612830369
11,0.13130399586924985,3,-0.01858001224385563,2,141640,168429,0.48119959202214735,0.5188004079778527
11,0.13130399586924985,3,-0.01858001224385563,3,276333,265155,0.7542497752796204,0.2457502247203796
11,0.13130399586924985,3,-0.01858001224385563,4,198902,187159,0.5153794045402976,0.4846205954597024
11,0.13130399586924985,3,-0.01858001224385563,5,172727,181388,0.49037169605757247,0.5096283039424275
11,0.13130399586924985,3,-0.01858001224385563,6,130831,137984,0.4184757225608832,0.5815242774391168
11,0.13130399586924985,3,-0.01858001224385563,7,103888,125736,0.38519698547883097,0.614803014521169
11,0.13130399586924985,3,-0.01858001224385563,8,223803,216415,0.626434635613409,0.37356536438659105
12,0.13130399586924985,3,-0.01858001224385563,1,119592,127509,0.36361743871696306,0.6363825612830369
12,0.13130399586924985,3,-0.01858001224385563,2,141640,168429,0.48119959202214735,0.5188004079778527
12,0.13130399586924985,3,-0.01858001224385563,3,198902,187159,0.5153794045402976,0.4846205954597024
12,0.13130399586924985,3,-0.01858001224385563,4,276333,265155,0.7542497752796204,0.2457502247203796
12,0.13130399586924985,3,-0.01858001224385563,5,172727,181388,0.49037169605757247,0.5096283039424275
12,0.13130399586924985,3,-0.01858001224385563,6,130831,137984,0.4184757225608832,0.5815242774391168
12,0.13130399586924985,3,-0.01858001224385563,7,103888,125736,0.38519698547883097,0.614803014521169
12,0.13130399586924985,3,-0.01858001224385563,8,223803,216415,0.626434635613409,0.37356536438659105
13,0.13307334342099456,3,-0.01907339915112993,1,122396,128164,0.3604172115219671,0.6395827884780328
13,0.13307334342099456,3,-0.01907339915112993,2,141640,168429,0.48119959202214735,0.5188004079778527
13,0.13307334342099456,3,-0.01907339915112993,3,198902,187159,0.5153794045402976,0.4846205954597024
13,0.13307334342099456,3,-0.01907339915112993,4,276333,265155,0.7542497752796204,0.2457502247203796
13,0.13307334342099456,3,-0.01907339915112993,5,172727,181388,0.49037169605757247,0.5096283039424275
13,0.13307334342099456,3,-0.01907339915112993,6,130831,137984,0.4184757225608832,0.5815242774391168
13,0.13307334342099456,3,-0.01907339915112993,7,103888,125736,0.38519698547883097,0.614803014521169
13,0.13307334342099456,3,-0.01907339915112993,8,220999,215760,0.6335819580666001,0.3664180419333999
14,0.13307334342099456,3,-0.01907339915112993,1,122396,128164,0.3604172115219671,0.6395827884780328
14,0.13307334342099456,3,-0.01907339915112993,2,141640,168429,0.48119959202214735,0.5188004079778527
14,0.13307334342099456,3,-0.01907339915112993,3,198902,187159,0.5153794045402976,0.4846205954597024
14,0.13307334342099456,3,-0.01907339915112993,4,276333,265155,0.7542497752796204,0.2457502247203796
14,0.13307334342099456,3,-0.01907339915112993,5,172727,181388,0.49037169605757247,0.5096283039424275
14,0.13307334342099456,3,-0.01907339915112993,6,130831,137984,0.4184757225608832,0.5815242774391168
14,0.13307334342099456,3,-0.01907339915112993,7,103888,125736,0.38519698547883097,0.614803014521169
14,0.13307334342099456,3,-0.01907339915112993,8,220999,215760,0.6335819580666001,0.3664180419333999
15,0.13307334342099456,3,-0.01944222048399802,1,173308,182206,0.48942742637341385,0.5105725736265861
15,0.13307334342099456,3,-0.01944222048399802,2,141640,168429,0.48119959202214735,0.5188004079778527
15,0.13307334342099456,3,-0.01944222048399802,3,198902,187159,0.5153794045402976,0.4846205954597024
15,0.13307334342099456,3,-0.01944222048399802,4,276333,265155,0.7542497752796204,0.2457502247203796
15,0.13307334342099456,3,-0.01944222048399802,5,121815,127346,0.3605349731324353,0.6394650268675647
15,0.13307334342099456,3,-0.01944222048399802,6,130831,137984,0.4184757225608832,0.5815242774391168
15,0.13307334342099456,3,-0.01944222048399802,7,103888,125736,0.38519698547883097,0.614803014521169
15,0.13307334342099456,3,-0.01944222048399802,8,220999,215760,0.6335819580666001,0.3664180419333999
16,0.13307334342099456,3,-0.01944222048399802,1,173308,182206,0.48942742637341385,0.5105725736265861
16,0.13307334342099456,3,-0.01944222048399802,2,141640,168429,0.48119959202214735,0.5188004079778527
16,0.13307334342099456,3,-0.01944222048399802,3,198902,187159,0.5153794045402976,0.4846205954597024
16,0.13307334342099456,3,-0.01944222048399802,4,276333,265155,0.7542497752796204,0.2457502247203796
16,0.13307334342099456,3,-0.01944222048399802,5,121815,127346,0.3605349731324353,0.6394650268675647
16,0.13307334342099456,3,-0.01944222048399802,6,130831,137984,0.4184757225608832,0.5815242774391168
16,0.13307334342099456,3,-0.01944222048399802,7,103888,125736,0.38519698547883097,0.614803014521169
16,0.13307334342099456,3,-0.01944222048399802,8,220999,215760,0.6335819580666001,0.3664180419333999
17,0.13307334342099456,3,-0.01944222048399802,1,173308,182206,0.48942742637341385,0.5105725736265861
17,0.13307334342099456,3,-0.01944222048399802,2,141640,168429,0.48119959202214735,0.5188004079778527
17,0.13307334342099456,3,-0.01944222048399802,3,198902,187159,0.5153794045402976,0.4846205954597024
17,0.13307334342099456,3,-0.01944222048399802,4,276333,265155,0.7542497752796204,0.2457502247203796
17,0.13307334342099456,3,-0.01944222048399802,5,121815,127346,0.3605349731324353,0.6394650268675647
17,0.13307334342099456,3,-0.01944222048399802,6,130831,137984,0.4184757225608832,0.5815242774391168
17,0.13307334342099456,3,-0.01944222048399802,7,103888,125736,0.38519698547883097,0.614803014521169
17,0.13307334342099456,3,-0.01944222048399802,8,220999,215760,0.6335819580666001,0.3664180419333999
18,0.1313251663226169,3,-0.01859194533633834,1,171108,180415,0.4910427530946186,0.5089572469053815
18,0.1313251663226169,3,-0.01859194533633834,2,141640,168429,0.48119959202214735,0.5188004079778527
18,0.1313251663226169,3,-0.01859194533633834,3,201102,188950,0.5134231835226346,0.48657681647736534
18,0.1313251663226169,3,-0.01859194533633834,4,276333,265155,0.7542497752796204,0.2457502247203796
18,0.1313251663226169,3,-0.01859194533633834,5,121815,127346,0.3605349731324353,0.6394650268675647
18,0.1313251663226169,3,-0.01859194533633834,6,130831,137984,0.4184757225608832,0.5815242774391168
18,0.1313251663226169,3,-0.01859194533633834,7,103888,125736,0.38519698547883097,0.614803014521169
18,0.1313251663226169,3,-0.01859194533633834,8,220999,215760,0.6335819580666001,0.3664180419333999
19,0.1313251663226169,3,-0.01859194533633834,1,171108,180415,0.4910427530946186,0.5089572469053815
19,0.1313251663226169,3,-0.01859194533633834,2,141640,168429,0.48119959202214735,0.5188004079778527
19,0.1313251663226169,3,-0.01859194533633834,3,201102,188950,0.5134231835226346,0.48657681647736534
19,0.1313251663226169,3,-0.01859194533633834,4,276333,265155,0.7542497752796204,0.2457502247203796
19,0.1313251663226169,3,-0.01859194533633834,5,121815,127346,0.3605349731324353,0.6394650268675647
19,0.1313251663226169,3,-0.01859194533633834,6,130831,137984,0.4184757225608832,0.5815242774391168
19,0.1313251663226169,3,-0.01859194533633834,7,103888,125736,0.38519698547883097,0.614803014521169
19,0.1313251663226169,3,-0.01859194533633834,8,220999,215760,0.6335819580666001,0.3664180419333999
20,0.13314582531218344,3,-0.0191757184661695,1,273733,262738,0.7583195275835993,0.24168047241640064
20,0.13314582531218344,3,-0.0191757184661695,2,141640,168429,0.48119959202214735,0.5188004079778527
20,0.13314582531218344,3,-0.0191757184661695,3,201102,188950,0.5134231835226346,0.48657681647736534
20,0.13314582531218344,3,-0.0191757184661695,4,173708,182832,0.4908426088497286,0.5091573911502714
20,0.13314582531218344,3,-0.0191757184661695,5,121815,127346,0.3605349731324353,0.6394650268675647
20,0.13314582531218344,3,-0.0191757184661695,6,130831,137984,0.4184757225608832,0.5815242774391168
20,0.13314582531218344,3,-0.0191757184661695,7,103888,125736,0.38519698547883097,0.614803014521169
20,0.13314582531218344,3,-0.0191757184661695,8,220999,215760,0.6335819580666001,0.3664180419333999
21,0.13314582531218344,3,-0.0191757184661695,1,273733,262738,0.7583195275835993,0.24168047241640064
21,0.13314582531218344,3,-0.0191757184661695,2,141640,168429,0.48119959202214735,0.5188004079778527
21,0.13314582531218344,3,-0.0191757184661695,3,201102,188950,0.5134231835226346,0.48657681647736534
21,0.13314582531218344,3,-0.0191757184661695,4,173708,182832,0.4908426088497286,0.5091573911502714
21,0.13314582531218344,3,-0.0191757184661695,5,121815,127346,0.3605349731324353,0.6394650268675647
21,0.13314582531218344,3,-0.0191757184661695,6,130831,137984,0.4184757225608832,0.5815242774391168
21,0.13314582531218344,3,-0.0191757184661695,7,103888,125736,0.38519698547883097,0.614803014521169
21,0.13314582531218344,3,-0.0191757184661695,8,220999,215760,0.6335819580666001,0.3664180419333999
22,0.13314582531218344,3,-0.01851916738505243,1,273733,262738,0.7583195275835993,0.24168047241640064
22,0.13314582531218344,3,-0.01851916738505243,2,141640,168429,0.48119959202214735,0.5188004079778527
22,0.13314582531218344,3,-0.01851916738505243,3,201102,188950,0.5134231835226346,0.48657681647736534
22,0.13314582531218344,3,-0.01851916738505243,4,172801,181560,0.49241150370474834,0.5075884962952516
22,0.13314582531218344,3,-0.01851916738505243,5,121815,127346,0.3605349731324353,0.6394650268675647
22,0.13314582531218344,3,-0.01851916738505243,6,130831,137984,0.4184757225608832,0.5815242774391168
22,0.13314582531218344,3,-0.01851916738505243,7,104795,127008,0.3846512613949544,0.6153487386050456
22,0.13314582531218344,3,-0.01851916738505243,8,220999,215760,0.6335819580666001,0.3664180419333999
23,0.13272133978111186,3,-0.01685023333993407,1,172898,182105,0.49547931750346225,0.5045206824965377
23,0.13272133978111186,3,-0.01685023333993407,2,141640,168429,0.48119959202214735,0.5188004079778527
23,0.13272133978111186,3,-0.01685023333993407,3,201102,188950,0.5134231835226346,0.48657681647736534
23,0.13272133978111186,3,-0.01685023333993407,4,273636,262193,0.7541714966187938,0.24582850338120615
23,0.13272133978111186,3,-0.01685023333993407,5,121815,127346,0.3605349731324353,0.6394650268675647
23,0.13272133978111186,3,-0.01685023333993407,6,130831,137984,0.4184757225608832,0.5815242774391168
23,0.13272133978111186,3,-0.01685023333993407,7,104795,127008,0.3846512613949544,0.6153487386050456
23,0.13272133978111186,3,-0.01685023333993407,8,220999,215760,0.6335819580666001,0.3664180419333999
24,0.13272133978111186,3,-0.01685023333993407,1,172898,182105,0.49547931750346225,0.5045206824965377
24,0.13272133978111186,3,-0.01685023333993407,2,141640,168429,0.48119959202214735,0.5188004079778527
24,0.13272133978111186,3,-0.01685023333993407,3,201102,188950,0.5134231835226346,0.48657681647736534
24,0.13272133978111186,3,-0.01685023333993407,4,273636,262193,0.7541714966187938,0.24582850338120615
24,0.13272133978111186,3,-0.01685023333993407,5,121815,127346,0.3605349731324353,0.6394650268675647
24,0.13272133978111186,3,-0.01685023333993407,6,130831,137984,0.4184757225608832,0.5815242774391168
24,0.13272133978111186,3,-0.01685023333993407,7,104795,127008,0.3846512613949544,0.6153487386050456
24,0.13272133978111186,3,-0.01685023333993407,8,220999,215760,0.6335819580666001,0.3664180419333999
25,0.13272133978111186,3,-0.01685023333993407,1,172898,182105,0.49547931750346225,0.5045206824965377
25,0.13272133978111186,3,-0.01685023333993407,2,141640,168429,0.48119959202214735,0.5188004079778527
25,0.13272133978111186,3,-0.01685023333993407,3,201102,188950,0.5134231835226346,0.48657681647736534
25,0.13272133978111186,3,-0.01685023333993407,4,273636,262193,0.7541714966187938,0.24582850338120615
25,0.13272133978111186,3,-0.01685023333993407,5,121815,127346,0.3605349731324353,0.6394650268675647
25,0.13272133978111186,3,-0.01685023333993407,6,130831,137984,0.4184757225608832,0.5815242774391168
25,0.13272133978111186,3,-0.01685023333993407,7,104795,127008,0.3846512613949544,0.6153487386050456
25,0.13272133978111186,3,-0.01685023333993407,8,220999,215760,0.6335819580666001,0.3664180419333999
26,0.13272133978111186,3,-0.01697160512985046,1,173088,182390,0.49517826308873514,0.5048217369112649
26,0.13272133978111186,3,-0.01697160512985046,2,141640,168429,0.48119959202214735,0.5188004079778527
26,0.13272133978111186,3,-0.01697160512985046,3,201102,188950,0.5134231835226346,0.48657681647736534
26,0.13272133978111186,3,-0.01697160512985046,4,273636,262193,0.7541714966187938,0.24582850338120615
26,0.13272133978111186,3,-0.01697160512985046,5,121815,127346,0.3605349731324353,0.6394650268675647
26,0.13272133978111186,3,-0.01697160512985046,6,130831,137984,0.4184757225608832,0.5815242774391168
26,0.13272133978111186,3,-0.01697160512985046,7,104605,126723,0.3847190724701039,0.615280927529896
26,0.13272133978111186,3,-0.01697160512985046,8,220999,215760,0.6335819580666001,0.3664180419333999
27,0.13272133978111186,3,-0.01704639863725993,1,173088,182390,0.49517826308873514,0.5048217369112649
27,0.13272133978111186,3,-0.01704639863725993,2,141640,168429,0.48119959202214735,0.5188004079778527
27,0.13272133978111186,3,-0.01704639863725993,3,201102,188950,0.5134231835226346,0.48657681647736534
27,0.13272133978111186,3,-0.01704639863725993,4,273636,262193,0.7541714966187938,0.24582850338120615
27,0.13272133978111186,3,-0.01704639863725993,5,123142,129029,0.3591901386886104,0.6408098613113896
27,0.13272133978111186,3,-0.01704639863725993,6,130831,137984,0.4184757225608832,0.5815242774391168
27,0.13272133978111186,3,-0.01704639863725993,7,103278,125040,0.3866622549732052,0.6133377450267948
27,0.13272133978111186,3,-0.01704639863725993,8,220999,215760,0.6335819580666001,0.3664180419333999
28,0.13272133978111186,3,-0.01613261148740846,1,105178,127282,0.38619572242163486,0.6138042775783651
28,0.13272133978111186,3,-0.01613261148740846,2,141640,168429,0.48119959202214735,0.5188004079778527
28,0.13272133978111186,3,-0.01613261148740846,3,201102,188950,0.5134231835226346,0.48657681647736534
28,0.13272133978111186,3,-0.01613261148740846,4,273636,262193,0.7541714966187938,0.24582850338120615
28,0.13272133978111186,3,-0.01613261148740846,5,123142,129029,0.3591901386886104,0.6408098613113896
28,0.13272133978111186,3,-0.01613261148740846,6,130831,137984,0.4184757225608832,0.5815242774391168
28,0.13272133978111186,3,-0.01613261148740846,7,171188,180148,0.49745951797114896,0.502540482028851
28,0.13272133978111186,3,-0.01613261148740846,8,220999,215760,0.6335819580666001,0.3664180419333999
29,0.13272133978111186,3,-0.01613261148740846,1,105178,127282,0.38619572242163486,0.6138042775783651
29,0.13272133978111186,3,-0.01613261148740846,2,141640,168429,0.48119959202214735,0.5188004079778527
29,0.13272133978111186,3,-0.01613261148740846,3,201102,188950,0.5134231835226346,0.48657681647736534
29,0.13272133978111186,3,-0.01613261148740846,4,273636,262193,0.7541714966187938,0.24582850338120615
29,0.13272133978111186,3,-0.01613261148740846,5,123142,129029,0.3591901386886104,0.6408098613113896
29,0.13272133978111186,3,-0.01613261148740846,6,130831,137984,0.4184757225608832,0.5815242774391168
29,0.13272133978111186,3,-0.01613261148740846,7,171188,180148,0.49745951797114896,0.502540482028851
29,0.13272133978111186,3,-0.01613261148740846,8,220999,215760,0.6335819580666001,0.3664180419333999
30,0.13272133978111186,3,-0.01613261148740846,1,105178,127282,0.38619572242163486,0.6138042775783651
30,0.13272133978111186,3,-0.01613261148740846,2,141640,168429,0.48119959202214735,0.5188004079778527
30,0.13272133978111186,3,-0.01613261148740846,3,201102,188950,0.5134231835226346,0.48657681647736534
30,0.13272133978111186,3,-0.01613261148740846,4,273636,262193,0.7541714966187938,0.24582850338120615
30,0.13272133978111186,3,-0.01613261148740846,5,123142,129029,0.3591901386886104,0.6408098613113896
30,0.13272133978111186,3,-0.01613261148740846,6,130831,137984,0.4184757225608832,0.5815242774391168
30,0.13272133978111186,3,-0.01613261148740846,7,171188,180148,0.49745951797114896,0.502540482028851
30,0.13272133978111186,3,-0.01613261148740846,8,220999,215760,0.6335819580666001,0.3664180419333999
31,0.13272133978111186,3,-0.01613261148740846,1,171188,180148,0.49745951797114896,0.502540482028851
31,0.13272133978111186,3,-0.01613261148740846,2,141640,168429,0.48119959202214735,0.5188004079778527
31,0.13272133978111186,3,-0.01613261148740846,3,201102,188950,0.5134231835226346,0.48657681647736534
31,0.13272133978111186,3,-0.01613261148740846,4,273636,262193,0.7541714966187938,0.24582850338120615
31,0.13272133978111186,3,-0.01613261148740846,5,123142,129029,0.3591901386886104,0.6408098613113896
31,0.13272133978111186,3,-0.01613261148740846,6,130831,137984,0.4184757225608832,0.5815242774391168
31,0.13272133978111186,3,-0.01613261148740846,7,105178,127282,0.38619572242163486,0.6138042775783651
31,0.13272133978111186,3,-0.01613261148740846,8,220999,215760,0.6335819580666001,0.3664180419333999
32,0.13272133978111186,3,-0.01613261148740846,1,105178,127282,0.38619572242163486,0.6138042775783651
32,0.13272133978111186,3,-0.01613261148740846,2,141640,168429,0.48119959202214735,0.5188004079778527
32,0.13272133978111186,3,-0.01613261148740846,3,201102,188950,0.5134231835226346,0.48657681647736534
32,0.13272133978111186,3,-0.01613261148740846,4,273636,262193,0.7541714966187938,0.24582850338120615
32,0.13272133978111186,3,-0.01613261148740846,5,123142,129029,0.3591901386886104,0.6408098613113896
32,0.13272133978111186,3,-0.01613261148740846,6,130831,137984,0.4184757225608832,0.5815242774391168
32,0.13272133978111186,3,-0.01613261148740846,7,171188,180148,0.49745951797114896,0.502540482028851
32,0.13272133978111186,3,-0.01613261148740846,8,220999,215760,0.6335819580666001,0.3664180419333999
33,0.13272133978111186,3,-0.01613261148740846,1,105178,127282,0.38619572242163486,0.6138042775783651
33,0.13272133978111186,3,-0.01613261148740846,2,141640,168429,0.48119959202214735,0.5188004079778527
33,0.13272133978111186,3,-0.01613261148740846,3,201102,188950,0.5134231835226346,0.48657681647736534
33,0.13272133978111186,3,-0.01613261148740846,4,273636,262193,0.7541714966187938,0.24582850338120615
33,0.13272133978111186,3,-0.01613261148740846,5,123142,129029,0.3591901386886104,0.6408098613113896
33,0.13272133978111186,3,-0.01613261148740846,6,130831,137984,0.4184757225608832,0.5815242774391168
33,0.13272133978111186,3,-0.01613261148740846,7,171188,180148,0.49745951797114896,0.502540482028851
33,0.13272133978111186,3,-0.01613261148740846,8,220999,215760,0.6335819580666001,0.3664180419333999
34,0.13272133978111186,3,-0.01613261148740846,1,105178,127282,0.38619572242163486,0.6138042775783651
34,0.13272133978111186,3,-0.01613261148740846,2,141640,168429,0.48119959202214735,0.5188004079778527
34,0.13272133978111186,3,-0.01613261148740846,3,201102,188950,0.5134231835226346,0.48657681647736534
34,0.13272133978111186,3,-0.01613261148740846,4,273636,262193,0.7541714966187938,0.24582850338120615
34,0.13272133978111186,3,-0.01613261148740846,5,123142,129029,0.3591901386886104,0.6408098613113896
34,0.13272133978111186,3,-0.01613261148740846,6,130831,137984,0.4184757225608832,0.5815242774391168
34,0.13272133978111186,3,-0.01613261148740846,7,171188,180148,0.49745951797114896,0.502540482028851
34,0.13272133978111186,3,-0.01613261148740846,8,220999,215760,0.6335819580666001,0.3664180419333999
35,0.1354142932136497,3,-0.016926137843014,1,105178,127282,0.38619572242163486,0.6138042775783651
35,0.1354142932136497,3,-0.016926137843014,2,141640,168429,0.48119959202214735,0.5188004079778527
35,0.1354142932136497,3,-0.016926137843014,3,174886,183329,0.4959650038821451,0.5040349961178548
35,0.1354142932136497,3,-0.016926137843014,4,273636,262193,0.7541714966187938,0.24582850338120615
35,0.1354142932136497,3,-0.016926137843014,5,123142,129029,0.3591901386886104,0.6408098613113896
35,0.1354142932136497,3,-0.016926137843014,6,130831,137984,0.4184757225608832,0.5815242774391168
35,0.1354142932136497,3,-0.016926137843014,7,197404,185769,0.5152878521004673,0.4847121478995326
35,0.1354142932136497,3,-0.016926137843014,8,220999,215760,0.6335819580666001,0.3664180419333999
36,0.1354142932136497,3,-0.016926137843014,1,105178,127282,0.38619572242163486,0.6138042775783651
36,0.1354142932136497,3,-0.016926137843014,2,141640,168429,0.48119959202214735,0.5188004079778527
36,0.1354142932136497,3,-0.016926137843014,3,174886,183329,0.4959650038821451,0.5040349961178548
36,0.1354142932136497,3,-0.016926137843014,4,273636,262193,0.7541714966187938,0.24582850338120615
36,0.1354142932136497,3,-0.016926137843014,5,123142,129029,0.3591901386886104,0.6408098613113896
36,0.1354142932136497,3,-0.016926137843014,6,130831,137984,0.4184757225608832,0.5815242774391168
36,0.1354142932136497,3,-0.016926137843014,7,197404,185769,0.5152878521004673,0.4847121478995326
36,0.1354142932136497,3,-0.016926137843014,8,220999,215760,0.6335819580666001,0.3664180419333999
37,0.1354142932136497,3,-0.016926137843014,1,105178,127282,0.38619572242163486,0.6138042775783651
37,0.1354142932136497,3,-0.016926137843014,2,141640,168429,0.48119959202214735,0.5188004079778527
37,0.1354142932136497,3,-0.016926137843014,3,174886,183329,0.4959650038821451,0.5040349961178548
37,0.1354142932136497,3,-0.016926137843014,4,273636,262193,0.7541714966187938,0.24582850338120615
37,0.1354142932136497,3,-0.016926137843014,5,123142,129029,0.3591901386886104,0.6408098613113896
37,0.1354142932136497,3,-0.016926137843014,6,130831,137984,0.4184757225608832,0.5815242774391168
37,0.1354142932136497,3,-0.016926137843014,7,197404,185769,0.5152878521004673,0.4847121478995326
37,0.1354142932136497,3,-0.016926137843014,8,220999,215760,0.6335819580666001,0.3664180419333999
38,0.13274753373188805,3,-0.0201371026261346,1,105178,127282,0.38619572242163486,0.6138042775783651
38,0.13274753373188805,3,-0.0201371026261346,2,141640,168429,0.48119959202214735,0.5188004079778527
38,0.13274753373188805,3,-0.0201371026261346,3,226102,222012,0.6380168519306151,0.3619831480693849
38,0.13274753373188805,3,-0.0201371026261346,4,273636,262193,0.7541714966187938,0.24582850338120615
38,0.13274753373188805,3,-0.0201371026261346,5,123142,129029,0.3591901386886104,0.6408098613113896
38,0.13274753373188805,3,-0.0201371026261346,6,130831,137984,0.4184757225608832,0.5815242774391168
38,0.13274753373188805,3,-0.0201371026261346,7,197404,185769,0.5152878521004673,0.4847121478995326
38,0.13274753373188805,3,-0.0201371026261346,8,169783,177077,0.4888807290818285,0.5111192709181716
39,0.13274753373188805,3,-0.0201371026261346,1,105178,127282,0.38619572242163486,0.6138042775783651
39,0.13274753373188805,3,-0.0201371026261346,2,141640,168429,0.48119959202214735,0.5188004079778527
39,0.13274753373188805,3,-0.0201371026261346,3,226102,222012,0.6380168519306151,0.3619831480693849
39,0.13274753373188805,3,-0.0201371026261346,4,273636,262193,0.7541714966187938,0.24582850338120615
39,0.13274753373188805,3,-0.0201371026261346,5,123142,129029,0.3591901386886104,0.6408098613113896
39,0.13274753373188805,3,-0.0201371026261346,6,130831,137984,0.4184757225608832,0.5815242774391168
39,0.13274753373188805,3,-0.0201371026261346,7,197404,185769,0.5152878521004673,0.4847121478995326
39,0.13274753373188805,3,-0.0201371026261346,8,169783,177077,0.4888807290818285,0.5111192709181716
40,0.13274753373188805,3,-0.0200202450463432,1,105178,127282,0.38619572242163486,0.6138042775783651
40,0.13274753373188805,3,-0.0200202450463432,2,141640,168429,0.48119959202214735,0.5188004079778527
40,0.13274753373188805,3,-0.0200202450463432,3,226102,222012,0.6380168519306151,0.3619831480693849
40,0.13274753373188805,3,-0.0200202450463432,4,196464,184594,0.5140505211683751,0.48594947883162487
40,0.13274753373188805,3,-0.0200202450463432,5,123142,129029,0.3591901386886104,0.6408098613113896
40,0.13274753373188805,3,-0.0200202450463432,6,130831,137984,0.4184757225608832,0.5815242774391168
40,0.13274753373188805,3,-0.0200202450463432,7,274576,263368,0.7544739669125546,0.2455260330874454
40,0.13274753373188805,3,-0.0200202450463432,8,169783,177077,0.4888807290818285,0.5111192709181716
41,0.13274753373188805,3,-0.02007189477084176,1,130086,136506,0.4191955484310799,0.5808044515689201
41,0.13274753373188805,3,-0.02007189477084176,2,141640,168429,0.48119959202214735,0.5188004079778527
41,0.13274753373188805,3,-0.02007189477084176,3,226102,222012,0.6380168519306151,0.3619831480693849
41,0.13274753373188805,3,-0.02007189477084176,4,196464,184594,0.5140505211683751,0.48594947883162487
41,0.13274753373188805,3,-0.02007189477084176,5,123142,129029,0.3591901386886104,0.6408098613113896
41,0.13274753373188805,3,-0.02007189477084176,6,105923,128760,0.3858890943474261,0.614110905652574
41,0.13274753373188805,3,-0.02007189477084176,7,274576,263368,0.7544739669125546,0.2455260330874454
41,0.13274753373188805,3,-0.02007189477084176,8,169783,177077,0.4888807290818285,0.5111192709181716
42,0.13173206961275652,3,-0.01976304548780266,1,130086,136506,0.4191955484310799,0.5808044515689201
42,0.13173206961275652,3,-0.01976304548780266,2,141640,168429,0.48119959202214735,0.5188004079778527
42,0.13173206961275652,3,-0.01976304548780266,3,224673,218076,0.6216498195563309,0.3783501804436691
42,0.13173206961275652,3,-0.01976304548780266,4,196464,184594,0.5140505211683751,0.48594947883162487
42,0.13173206961275652,3,-0.01976304548780266,5,124571,132965,0.37308637679858137,0.6269136232014186
42,0.13173206961275652,3,-0.01976304548780266,6,105923,128760,0.3858890943474261,0.614110905652574
42,0.13173206961275652,3,-0.01976304548780266,7,274576,263368,0.7544739669125546,0.2455260330874454
42,0.13173206961275652,3,-0.01976304548780266,8,169783,177077,0.4888807290818285,0.5111192709181716
43,0.13173206961275652,3,-0.01908166540622419,1,130086,136506,0.4191955484310799,0.5808044515689201
43,0.13173206961275652,3,-0.01908166540622419,2,141640,168429,0.48119959202214735,0.5188004079778527
43,0.13173206961275652,3,-0.01908166540622419,3,220791,210707,0.6333052808752367,0.3666947191247633
43,0.13173206961275652,3,-0.01908166540622419,4,196464,184594,0.5140505211683751,0.48594947883162487
43,0.13173206961275652,3,-0.01908166540622419,5,124571,132965,0.37308637679858137,0.6269136232014186
43,0.13173206961275652,3,-0.01908166540622419,6,105923,128760,0.3858890943474261,0.614110905652574
43,0.13173206961275652,3,-0.01908166540622419,7,278458,270737,0.7373674649410213,0.2626325350589786
43,0.13173206961275652,3,-0.01908166540622419,8,169783,177077,0.4888807290818285,0.5111192709181716
44,0.13173206961275652,3,-0.01908166540622419,1,130086,136506,0.4191955484310799,0.5808044515689201
44,0.13173206961275652,3,-0.01908166540622419,2,141640,168429,0.48119959202214735,0.5188004079778527
44,0.13173206961275652,3,-0.01908166540622419,3,220791,210707,0.6333052808752367,0.3666947191247633
44,0.13173206961275652,3,-0.01908166540622419,4,196464,184594,0.5140505211683751,0.48594947883162487
44,0.13173206961275652,3,-0.01908166540622419,5,124571,132965,0.37308637679858137,0.6269136232014186
44,0.13173206961275652,3,-0.01908166540622419,6,105923,128760,0.3858890943474261,0.614110905652574
44,0.13173206961275652,3,-0.01908166540622419,7,278458,270737,0.7373674649410213,0.2626325350589786
44,0.13173206961275652,3,-0.01908166540622419,8,169783,177077,0.4888807290818285,0.5111192709181716
45,0.13173206961275652,3,-0.01908166540622419,1,130086,136506,0.4191955484310799,0.5808044515689201
45,0.13173206961275652,3,-0.01908166540622419,2,141640,168429,0.48119959202214735,0.5188004079778527
45,0.13173206961275652,3,-0.01908166540622419,3,220791,210707,0.6333052808752367,0.3666947191247633
45,0.13173206961275652,3,-0.01908166540622419,4,196464,184594,0.5140505211683751,0.48594947883162487
45,0.13173206961275652,3,-0.01908166540622419,5,124571,132965,0.37308637679858137,0.6269136232014186
45,0.13173206961275652,3,-0.01908166540622419,6,105923,128760,0.3858890943474261,0.614110905652574
45,0.13173206961275652,3,-0.01908166540622419,7,278458,270737,0.7373674649410213,0.2626325350589786
45,0.13173206961275652,3,-0.01908166540622419,8,169783,177077,0.4888807290818285,0.5111192709181716
46,0.13173206961275652,3,-0.01710955693066584,1,130086,136506,0.4191955484310799,0.5808044515689201
46,0.13173206961275652,3,-0.01710955693066584,2,144216,170862,0.4849735461749813,0.5150264538250188
46,0.13173206961275652,3,-0.01710955693066584,3,220791,210707,0.6333052808752367,0.3666947191247633
46,0.13173206961275652,3,-0.01710955693066584,4,196464,184594,0.5140505211683751,0.48594947883162487
46,0.13173206961275652,3,-0.01710955693066584,5,121995,130532,0.3686313714526164,0.6313686285473836
46,0.13173206961275652,3,-0.01710955693066584,6,105923,128760,0.3858890943474261,0.614110905652574
46,0.13173206961275652,3,-0.01710955693066584,7,278458,270737,0.7373674649410213,0.2626325350589786
46,0.13173206961275652,3,-0.01710955693066584,8,169783,177077,0.4888807290818285,0.5111192709181716
47,0.00176378582247031,4,-0.00454207881424106,1,130086,136506,0.4191955484310799,0.5808044515689201
47,0.00176378582247031,4,-0.00454207881424106,2,144216,170862,0.4849735461749813,0.5150264538250188
47,0.00176378582247031,4,-0.00454207881424106,3,220791,210707,0.6333052808752367,0.3666947191247633
47,0.00176378582247031,4,-0.00454207881424106,4,196464,184594,0.5140505211683751,0.48594947883162487
47,0.00176378582247031,4,-0.00454207881424106,5,121995,130532,0.3686313714526164,0.6313686285473836
47,0.00176378582247031,4,-0.00454207881424106,6,105923,128760,0.3858890943474261,0.614110905652574
47,0.00176378582247031,4,-0.00454207881424106,7,260145,251194,0.681010153041168,0.31898984695883204
47,0.00176378582247031,4,-0.00454207881424106,8,188096,196620,0.5453773843964707,0.45462261560352935
48,0.00176378582247031,4,-0.00454207881424106,1,130086,136506,0.4191955484310799,0.5808044515689201
48,0.00176378582247031,4,-0.00454207881424106,2,144216,170862,0.4849735461749813,0.5150264538250188
48,0.00176378582247031,4,-0.00454207881424106,3,220791,210707,0.6333052808752367,0.3666947191247633
48,0.00176378582247031,4,-0.00454207881424106,4,196464,184594,0.5140505211683751,0.48594947883162487
48,0.00176378582247031,4,-0.00454207881424106,5,121995,130532,0.3686313714526164,0.6313686285473836
48,0.00176378582247031,4,-0.00454207881424106,6,105923,128760,0.3858890943474261,0.614110905652574
48,0.00176378582247031,4,-0.00454207881424106,7,260145,251194,0.681010153041168,0.31898984695883204
48,0.00176378582247031,4,-0.00454207881424106,8,188096,196620,0.5453773843964707,0.45462261560352935
49,0.00176378582247031,4,-0.00454207881424106,1,130086,136506,0.4191955484310799,0.5808044515689201
49,0.00176378582247031,4,-0.00454207881424106,2,144216,170862,0.4849735461749813,0.5150264538250188
49,0.00176378582247031,4,-0.00454207881424106,3,220791,210707,0.6333052808752367,0.3666947191247633
49,0.00176378582247031,4,-0.00454207881424106,4,196464,184594,0.5140505211683751,0.48594947883162487
49,0.00176378582247031,4,-0.00454207881424106,5,121995,130532,0.3686313714526164,0.6313686285473836
49,0.00176378582247031,4,-0.00454207881424106,6,105923,128760,0.3858890943474261,0.614110905652574
49,0.00176378582247031,4,-0.00454207881424106,7,260145,251194,0.681010153041168,0.31898984695883204
49,0.00176378582247031,4,-0.00454207881424106,8,188096,196620,0.5453773843964707,0.45462261560352935
50,0.00311582426801363,4,-0.00486933156827107,1,258933,249898,0.684488902645123,0.31551109735487703
50,0.00311582426801363,4,-0.00486933156827107,2,144216,170862,0.4849735461749813,0.5150264538250188
50,0.00311582426801363,4,-0.00486933156827107,3,220791,210707,0.6333052808752367,0.3666947191247633
50,0.00311582426801363,4,-0.00486933156827107,4,196464,184594,0.5140505211683751,0.48594947883162487
50,0.00311582426801363,4,-0.00486933156827107,5,121995,130532,0.3686313714526164,0.6313686285473836
50,0.00311582426801363,4,-0.00486933156827107,6,105923,128760,0.3858890943474261,0.614110905652574
50,0.00311582426801363,4,-0.00486933156827107,7,131298,137802,0.418334820859365,0.581665179140635
50,0.00311582426801363,4,-0.00486933156827107,8,188096,196620,0.5453773843964707,0.45462261560352935
51,0.00276417944937444,4,-0.00487888558907234,1,258933,249898,0.684488902645123,0.31551109735487703
51,0.00276417944937444,4,-0.00487888558907234,2,144216,170862,0.4849735461749813,0.5150264538250188
51,0.00276417944937444,4,-0.00487888558907234,3,224091,216246,0.6480445922862537,0.3519554077137463
51,0.00276417944937444,4,-0.00487888558907234,4,196464,184594,0.5140505211683751,0.48594947883162487
51,0.00276417944937444,4,-0.00487888558907234,5,118695,124993,0.3539684922080092,0.6460315077919908
51,0.00276417944937444,4,-0.00487888558907234,6,105923,128760,0.3858890943474261,0.614110905652574
51,0.00276417944937444,4,-0.00487888558907234,7,131298,137802,0.418334820859365,0.581665179140635
51,0.00276417944937444,4,-0.00487888558907234,8,188096,196620,0.5453773843964707,0.45462261560352935
52,0.00276417944937444,4,-0.00487888558907234,1,258933,249898,0.684488902645123,0.31551109735487703
52,0.00276417944937444,4,-0.00487888558907234,2,144216,170862,0.4849735461749813,0.5150264538250188
52,0.00276417944937444,4,-0.00487888558907234,3,224091,216246,0.6480445922862537,0.3519554077137463
52,0.00276417944937444,4,-0.00487888558907234,4,196464,184594,0.5140505211683751,0.48594947883162487
52,0.00276417944937444,4,-0.00487888558907234,5,118695,124993,0.3539684922080092,0.6460315077919908
52,0.00276417944937444,4,-0.00487888558907234,6,105923,128760,0.3858890943474261,0.614110905652574
52,0.00276417944937444,4,-0.00487888558907234,7,131298,137802,0.418334820859365,0.581665179140635
52,0.00276417944937444,4,-0.00487888558907234,8,188096,196620,0.5453773843964707,0.45462261560352935
53,0.00276417944937444,4,-0.00487888558907234,1,258933,249898,0.684488902645123,0.31551109735487703
53,0.00276417944937444,4,-0.00487888558907234,2,144216,170862,0.4849735461749813,0.5150264538250188
53,0.00276417944937444,4,-0.00487888558907234,3,224091,216246,0.6480445922862537,0.3519554077137463
53,0.00276417944937444,4,-0.00487888558907234,4,196464,184594,0.5140505211683751,0.48594947883162487
53,0.00276417944937444,4,-0.00487888558907234,5,118695,124993,0.3539684922080092,0.6460315077919908
53,0.00276417944937444,4,-0.00487888558907234,6,105923,128760,0.3858890943474261,0.614110905652574
53,0.00276417944937444,4,-0.00487888558907234,7,131298,137802,0.418334820859365,0.581665179140635
53,0.00276417944937444,4,-0.00487888558907234,8,188096,196620,0.5453773843964707,0.45462261560352935
54,0.00276417944937444,4,-0.00487888558907234,1,258933,249898,0.684488902645123,0.31551109735487703
54,0.00276417944937444,4,-0.00487888558907234,2,144216,170862,0.4849735461749813,0.5150264538250188
54,0.00276417944937444,4,-0.00487888558907234,3,118695,124993,0.3539684922080092,0.6460315077919908
54,0.00276417944937444,4,-0.00487888558907234,4,196464,184594,0.5140505211683751,0.48594947883162487
54,0.00276417944937444,4,-0.00487888558907234,5,224091,216246,0.6480445922862537,0.3519554077137463
54,0.00276417944937444,4,-0.00487888558907234,6,105923,128760,0.3858890943474261,0.614110905652574
54,0.00276417944937444,4,-0.00487888558907234,7,131298,137802,0.418334820859365,0.581665179140635
54,0.00276417944937444,4,-0.00487888558907234,8,188096,196620,0.5453773843964707,0.45462261560352935
55,0.00276417944937444,4,-0.00487888558907234,1,118695,124993,0.3539684922080092,0.6460315077919908
55,0.00276417944937444,4,-0.00487888558907234,2,144216,170862,0.4849735461749813,0.5150264538250188
55,0.00276417944937444,4,-0.00487888558907234,3,258933,249898,0.684488902645123,0.31551109735487703
55,0.00276417944937444,4,-0.00487888558907234,4,196464,184594,0.5140505211683751,0.48594947883162487
55,0.00276417944937444,4,-0.00487888558907234,5,224091,216246,0.6480445922862537,0.3519554077137463
55,0.00276417944937444,4,-0.00487888558907234,6,105923,128760,0.3858890943474261,0.614110905652574
55,0.00276417944937444,4,-0.00487888558907234,7,131298,137802,0.418334820859365,0.581665179140635
55,0.00276417944937444,4,-0.00487888558907234,8,188096,196620,0.5453773843964707,0.45462261560352935
56,0.00276417944937444,4,-0.00487888558907234,1,118695,124993,0.3539684922080092,0.6460315077919908
56,0.00276417944937444,4,-0.00487888558907234,2,144216,170862,0.4849735461749813,0.5150264538250188
56,0.00276417944937444,4,-0.00487888558907234,3,258933,249898,0.684488902645123,0.31551109735487703
56,0.00276417944937444,4,-0.00487888558907234,4,196464,184594,0.5140505211683751,0.48594947883162487
56,0.00276417944937444,4,-0.00487888558907234,5,224091,216246,0.6480445922862537,0.3519554077137463
56,0.00276417944937444,4,-0.00487888558907234,6,105923,128760,0.3858890943474261,0.614110905652574
56,0.00276417944937444,4,-0.00487888558907234,7,131298,137802,0.418334820859365,0.581665179140635
56,0.00276417944937444,4,-0.00487888558907234,8,188096,196620,0.5453773843964707,0.45462261560352935
57,0.00276417944937444,4,-0.00487888558907234,1,118695,124993,0.3539684922080092,0.6460315077919908
57,0.00276417944937444,4,-0.00487888558907234,2,144216,170862,0.4849735461749813,0.5150264538250188
57,0.00276417944937444,4,-0.00487888558907234,3,258933,249898,0.684488902645123,0.31551109735487703
57,0.00276417944937444,4,-0.00487888558907234,4,196464,184594,0.5140505211683751,0.48594947883162487
57,0.00276417944937444,4,-0.00487888558907234,5,224091,216246,0.6480445922862537,0.3519554077137463
57,0.00276417944937444,4,-0.00487888558907234,6,105923,128760,0.3858890943474261,0.614110905652574
57,0.00276417944937444,4,-0.00487888558907234,7,131298,137802,0.418334820859365,0.581665179140635
57,0.00276417944937444,4,-0.00487888558907234,8,188096,196620,0.5453773843964707,0.45462261560352935
58,0.00276417944937444,4,-0.00487888558907234,1,118695,124993,0.3539684922080092,0.6460315077919908
58,0.00276417944937444,4,-0.00487888558907234,2,144216,170862,0.4849735461749813,0.5150264538250188
58,0.00276417944937444,4,-0.00487888558907234,3,258933,249898,0.684488902645123,0.31551109735487703
58,0.00276417944937444,4,-0.00487888558907234,4,196464,184594,0.5140505211683751,0.48594947883162487
58,0.00276417944937444,4,-0.00487888558907234,5,224091,216246,0.6480445922862537,0.3519554077137463
58,0.00276417944937444,4,-0.00487888558907234,6,105923,128760,0.3858890943474261,0.614110905652574
58,0.00276417944937444,4,-0.00487888558907234,7,131298,137802,0.418334820859365,0.581665179140635
58,0.00276417944937444,4,-0.00487888558907234,8,188096,196620,0.5453773843964707,0.45462261560352935
59,0.00276417944937444,4,-0.00487888558907234,1,118695,124993,0.3539684922080092,0.6460315077919908
59,0.00276417944937444,4,-0.00487888558907234,2,144216,170862,0.4849735461749813,0.5150264538250188
59,0.00276417944937444,4,-0.00487888558907234,3,258933,249898,0.684488902645123,0.31551109735487703
59,0.00276417944937444,4,-0.00487888558907234,4,196464,184594,0.5140505211683751,0.48594947883162487
59,0.00276417944937444,4,-0.00487888558907234,5,224091,216246,0.6480445922862537,0.3519554077137463
59,0.00276417944937444,4,-0.00487888558907234,6,105923,128760,0.3858890943474261,0.614110905652574
59,0.00276417944937444,4,-0.00487888558907234,7,131298,137802,0.418334820859365,0.581665179140635
59,0.00276417944937444,4,-0.00487888558907234,8,188096,196620,0.5453773843964707,0.45462261560352935
60,0.0017939268069251,4,-0.00461522834072281,1,118695,124993,0.3539684922080092,0.6460315077919908
60,0.0017939268069251,4,-0.00461522834072281,2,144216,170862,0.4849735461749813,0.5150264538250188
60,0.0017939268069251,4,-0.00461522834072281,3,105092,128001,0.386748527798844,0.6132514722011561
60,0.0017939268069251,4,-0.00461522834072281,4,196464,184594,0.5140505211683751,0.48594947883162487
60,0.0017939268069251,4,-0.00461522834072281,5,224091,216246,0.6480445922862537,0.3519554077137463
60,0.0017939268069251,4,-0.00461522834072281,6,259764,250657,0.6815202112069083,0.31847978879309174
60,0.0017939268069251,4,-0.00461522834072281,7,131298,137802,0.418334820859365,0.581665179140635
60,0.0017939268069251,4,-0.00461522834072281,8,188096,196620,0.5453773843964707,0.45462261560352935
61,0.0017939268069251,4,-0.00461522834072281,1,118695,124993,0.3539684922080092,0.6460315077919908
61,0.0017939268069251,4,-0.00461522834072281,2,144216,170862,0.4849735461749813,0.5150264538250188
61,0.0017939268069251,4,-0.00461522834072281,3,105092,128001,0.386748527798844,0.6132514722011561
61,0.0017939268069251,4,-0.00461522834072281,4,196464,184594,0.5140505211683751,0.48594947883162487
61,0.0017939268069251,4,-0.00461522834072281,5,224091,216246,0.6480445922862537,0.3519554077137463
61,0.0017939268069251,4,-0.00461522834072281,6,259764,250657,0.6815202112069083,0.31847978879309174
61,0.0017939268069251,4,-0.00461522834072281,7,131298,137802,0.418334820859365,0.581665179140635
61,0.0017939268069251,4,-0.00461522834072281,8,188096,196620,0.5453773843964707,0.45462261560352935
62,0.0017939268069251,4,-0.00461522834072281,1,118695,124993,0.3539684922080092,0.6460315077919908
62,0.0017939268069251,4,-0.00461522834072281,2,144216,170862,0.4849735461749813,0.5150264538250188
62,0.0017939268069251,4,-0.00461522834072281,3,105092,128001,0.386748527798844,0.6132514722011561
62,0.0017939268069251,4,-0.00461522834072281,4,196464,184594,0.5140505211683751,0.48594947883162487
62,0.0017939268069251,4,-0.00461522834072281,5,224091,216246,0.6480445922862537,0.3519554077137463
62,0.0017939268069251,4,-0.00461522834072281,6,259764,250657,0.6815202112069083,0.31847978879309174
62,0.0017939268069251,4,-0.00461522834072281,7,131298,137802,0.418334820859365,0.581665179140635
62,0.0017939268069251,4,-0.00461522834072281,8,188096,196620,0.5453773843964707,0.45462261560352935
63,0.0017939268069251,4,-0.00461522834072281,1,118695,124993,0.3539684922080092,0.6460315077919908
63,0.0017939268069251,4,-0.00461522834072281,2,144216,170862,0.4849735461749813,0.5150264538250188
63,0.0017939268069251,4,-0.00461522834072281,3,105092,128001,0.386748527798844,0.6132514722011561
63,0.0017939268069251,4,-0.00461522834072281,4,196464,184594,0.5140505211683751,0.48594947883162487
63,0.0017939268069251,4,-0.00461522834072281,5,224091,216246,0.6480445922862537,0.3519554077137463
63,0.0017939268069251,4,-0.00461522834072281,6,259764,250657,0.6815202112069083,0.31847978879309174
63,0.0017939268069251,4,-0.00461522834072281,7,131298,137802,0.418334820859365,0.581665179140635
63,0.0017939268069251,4,-0.00461522834072281,8,188096,196620,0.5453773843964707,0.45462261560352935
64,0.0017939268069251,4,-0.00461522834072281,1,118695,124993,0.3539684922080092,0.6460315077919908
64,0.0017939268069251,4,-0.00461522834072281,2,144216,170862,0.4849735461749813,0.5150264538250188
64,0.0017939268069251,4,-0.00461522834072281,3,105092,128001,0.386748527798844,0.6132514722011561
64,0.0017939268069251,4,-0.00461522834072281,4,196464,184594,0.5140505211683751,0.48594947883162487
64,0.0017939268069251,4,-0.00461522834072281,5,224091,216246,0.6480445922862537,0.3519554077137463
64,0.0017939268069251,4,-0.00461522834072281,6,259764,250657,0.6815202112069083,0.31847978879309174
64,0.0017939268069251,4,-0.00461522834072281,7,131298,137802,0.418334820859365,0.581665179140635
64,0.0017939268069251,4,-0.00461522834072281,8,188096,196620,0.5453773843964707,0.45462261560352935
65,0.00336664031722668,4,-0.00512220546615826,1,118695,124993,0.3539684922080092,0.6460315077919908
65,0.00336664031722668,4,-0.00512220546615826,2,144216,170862,0.4849735461749813,0.5150264538250188
65,0.00336664031722668,4,-0.00512220546615826,3,105092,128001,0.386748527798844,0.6132514722011561
65,0.00336664031722668,4,-0.00512220546615826,4,196464,184594,0.5140505211683751,0.48594947883162487
65,0.00336664031722668,4,-0.00512220546615826,5,224091,216246,0.6480445922862537,0.3519554077137463
65,0.00336664031722668,4,-0.00512220546615826,6,136784,143246,0.4291513501044073,0.5708486498955927
65,0.00336664031722668,4,-0.00512220546615826,7,254278,245213,0.6747594989653503,0.32524050103464974
65,0.00336664031722668,4,-0.00512220546615826,8,188096,196620,0.5453773843964707,0.45462261560352935
66,0.00336664031722668,4,-0.00512220546615826,1,118695,124993,0.3539684922080092,0.6460315077919908
66,0.00336664031722668,4,-0.00512220546615826,2,144216,170862,0.4849735461749813,0.5150264538250188
66,0.00336664031722668,4,-0.00512220546615826,3,105092,128001,0.386748527798844,0.6132514722011561
66,0.00336664031722668,4,-0.00512220546615826,4,196464,184594,0.5140505211683751,0.48594947883162487
66,0.00336664031722668,4,-0.00512220546615826,5,224091,216246,0.6480445922862537,0.3519554077137463
66,0.00336664031722668,4,-0.00512220546615826,6,254278,245213,0.6747594989653503,0.32524050103464974
66,0.00336664031722668,4,-0.00512220546615826,7,136784,143246,0.4291513501044073,0.5708486498955927
66,0.00336664031722668,4,-0.00512220546615826,8,188096,196620,0.5453773843964707,0.45462261560352935
67,0.00210107779136912,4,-0.00477028499144549,1,118695,124993,0.3539684922080092,0.6460315077919908
67,0.00210107779136912,4,-0.00477028499144549,2,144216,170862,0.4849735461749813,0.5150264538250188
67,0.00210107779136912,4,-0.00477028499144549,3,104006,126494,0.3863119960908869,0.6136880039091132
67,0.00210107779136912,4,-0.00477028499144549,4,196464,184594,0.5140505211683751,0.48594947883162487
67,0.00210107779136912,4,-0.00477028499144549,5,224091,216246,0.6480445922862537,0.3519554077137463
67,0.00210107779136912,4,-0.00477028499144549,6,255364,246720,0.6723806668756047,0.32761933312439534
67,0.00210107779136912,4,-0.00477028499144549,7,136784,143246,0.4291513501044073,0.5708486498955927
67,0.00210107779136912,4,-0.00477028499144549,8,188096,196620,0.5453773843964707,0.45462261560352935
68,0.00210107779136912,4,-0.00477028499144549,1,118695,124993,0.3539684922080092,0.6460315077919908
68,0.00210107779136912,4,-0.00477028499144549,2,144216,170862,0.4849735461749813,0.5150264538250188
68,0.00210107779136912,4,-0.00477028499144549,3,104006,126494,0.3863119960908869,0.6136880039091132
68,0.00210107779136912,4,-0.00477028499144549,4,196464,184594,0.5140505211683751,0.48594947883162487
68,0.00210107779136912,4,-0.00477028499144549,5,224091,216246,0.6480445922862537,0.3519554077137463
68,0.00210107779136912,4,-0.00477028499144549,6,255364,246720,0.6723806668756047,0.32761933312439534
68,0.00210107779136912,4,-0.00477028499144549,7,136784,143246,0.4291513501044073,0.5708486498955927
68,0.00210107779136912,4,-0.00477028499144549,8,188096,196620,0.5453773843964707,0.45462261560352935
69,0.00210107779136912,4,-0.00477028499144549,1,118695,124993,0.3539684922080092,0.6460315077919908
69,0.00210107779136912,4,-0.00477028499144549,2,144216,170862,0.4849735461749813,0.5150264538250188
69,0.00210107779136912,4,-0.00477028499144549,3,104006,126494,0.3863119960908869,0.6136880039091132
69,0.00210107779136912,4,-0.00477028499144549,4,196464,184594,0.5140505211683751,0.48594947883162487
69,0.00210107779136912,4,-0.00477028499144549,5,224091,216246,0.6480445922862537,0.3519554077137463
69,0.00210107779136912,4,-0.00477028499144549,6,255364,246720,0.6723806668756047,0.32761933312439534
69,0.00210107779136912,4,-0.00477028499144549,7,136784,143246,0.4291513501044073,0.5708486498955927
69,0.00210107779136912,4,-0.00477028499144549,8,188096,196620,0.5453773843964707,0.45462261560352935
70,0.00210107779136912,4,-0.00477028499144549,1,118695,124993,0.3539684922080092,0.6460315077919908
70,0.00210107779136912,4,-0.00477028499144549,2,144216,170862,0.4849735461749813,0.5150264538250188
70,0.00210107779136912,4,-0.00477028499144549,3,104006,126494,0.3863119960908869,0.6136880039091132
70,0.00210107779136912,4,-0.00477028499144549,4,196464,184594,0.5140505211683751,0.48594947883162487
70,0.00210107779136912,4,-0.00477028499144549,5,224091,216246,0.6480445922862537,0.3519554077137463
70,0.00210107779136912,4,-0.00477028499144549,6,255364,246720,0.6723806668756047,0.32761933312439534
70,0.00210107779136912,4,-0.00477028499144549,7,136784,143246,0.4291513501044073,0.5708486498955927
70,0.00210107779136912,4,-0.00477028499144549,8,188096,196620,0.5453773843964707,0.45462261560352935
71,0.00210107779136912,4,-0.00477028499144538,1,118695,124993,0.3539684922080092,0.6460315077919908
71,0.00210107779136912,4,-0.00477028499144538,2,144216,170862,0.4849735461749813,0.5150264538250188
71,0.00210107779136912,4,-0.00477028499144538,3,255364,246720,0.6723806668756047,0.32761933312439534
71,0.00210107779136912,4,-0.00477028499144538,4,196464,184594,0.5140505211683751,0.48594947883162487
71,0.00210107779136912,4,-0.00477028499144538,5,224091,216246,0.6480445922862537,0.3519554077137463
71,0.00210107779136912,4,-0.00477028499144538,6,104006,126494,0.3863119960908869,0.6136880039091132
71,0.00210107779136912,4,-0.00477028499144538,7,136784,143246,0.4291513501044073,0.5708486498955927
71,0.00210107779136912,4,-0.00477028499144538,8,188096,196620,0.5453773843964707,0.45462261560352935
72,0.00210107779136912,4,-0.00477028499144538,1,118695,124993,0.3539684922080092,0.6460315077919908
72,0.00210107779136912,4,-0.00477028499144538,2,144216,170862,0.4849735461749813,0.5150264538250188
72,0.00210107779136912,4,-0.00477028499144538,3,255364,246720,0.6723806668756047,0.32761933312439534
72,0.00210107779136912,4,-0.00477028499144538,4,196464,184594,0.5140505211683751,0.48594947883162487
72,0.00210107779136912,4,-0.00477028499144538,5,224091,216246,0.6480445922862537,0.3519554077137463
72,0.00210107779136912,4,-0.00477028499144538,6,104006,126494,0.3863119960908869,0.6136880039091132
72,0.00210107779136912,4,-0.00477028499144538,7,136784,143246,0.4291513501044073,0.5708486498955927
72,0.00210107779136912,4,-0.00477028499144538,8,188096,196620,0.5453773843964707,0.45462261560352935
73,-0.1214819819706678,5,0.01215694591167859,1,118695,124993,0.3539684922080092,0.6460315077919908
73,-0.1214819819706678,5,0.01215694591167859,2,103770,118544,0.3535060148268314,0.6464939851731686
73,-0.1214819819706678,5,0.01215694591167859,3,255364,246720,0.6723806668756047,0.32761933312439534
73,-0.1214819819706678,5,0.01215694591167859,4,196464,184594,0.5140505211683751,0.48594947883162487
73,-0.1214819819706678,5,0.01215694591167859,5,224091,216246,0.6480445922862537,0.3519554077137463
73,-0.1214819819706678,5,0.01215694591167859,6,144452,178812,0.5191775014952934,0.48082249850470654
73,-0.1214819819706678,5,0.01215694591167859,7,136784,143246,0.4291513501044073,0.5708486498955927
73,-0.1214819819706678,5,0.01215694591167859,8,188096,196620,0.5453773843964707,0.45462261560352935
74,-0.12079125107691226,5,0.01181406212484237,1,143554,177653,0.5187115498599955,0.4812884501400045
74,-0.12079125107691226,5,0.01181406212484237,2,103770,118544,0.3535060148268314,0.6464939851731686
74,-0.12079125107691226,5,0.01181406212484237,3,255364,246720,0.6723806668756047,0.32761933312439534
74,-0.12079125107691226,5,0.01181406212484237,4,196464,184594,0.5140505211683751,0.48594947883162487
74,-0.12079125107691226,5,0.01181406212484237,5,224091,216246,0.6480445922862537,0.3519554077137463
74,-0.12079125107691226,5,0.01181406212484237,6,119593,126152,0.3553137075968049,0.6446862924031951
74,-0.12079125107691226,5,0.01181406212484237,7,136784,143246,0.4291513501044073,0.5708486498955927
74,-0.12079125107691226,5,0.01181406212484237,8,188096,196620,0.5453773843964707,0.45462261560352935
75,-0.1205978464266607,5,0.01175589823310108,1,143554,177653,0.5187115498599955,0.4812884501400045
75,-0.1205978464266607,5,0.01175589823310108,2,103770,118544,0.3535060148268314,0.6464939851731686
75,-0.1205978464266607,5,0.01175589823310108,3,255191,246542,0.672883983449601,0.327116016550399
75,-0.1205978464266607,5,0.01175589823310108,4,196464,184594,0.5140505211683751,0.48594947883162487
75,-0.1205978464266607,5,0.01175589823310108,5,224091,216246,0.6480445922862537,0.3519554077137463
75,-0.1205978464266607,5,0.01175589823310108,6,119766,126330,0.35527570215673976,0.6447242978432602
75,-0.1205978464266607,5,0.01175589823310108,7,136784,143246,0.4291513501044073,0.5708486498955927
75,-0.1205978464266607,5,0.01175589823310108,8,188096,196620,0.5453773843964707,0.45462261560352935
76,-0.1205978464266607,5,0.01175589823310108,1,143554,177653,0.5187115498599955,0.4812884501400045
76,-0.1205978464266607,5,0.01175589823310108,2,103770,118544,0.3535060148268314,0.6464939851731686
76,-0.1205978464266607,5,0.01175589823310108,3,255191,246542,0.672883983449601,0.327116016550399
76,-0.1205978464266607,5,0.01175589823310108,4,196464,184594,0.5140505211683751,0.48594947883162487
76,-0.1205978464266607,5,0.01175589823310108,5,224091,216246,0.6480445922862537,0.3519554077137463
76,-0.1205978464266607,5,0.01175589823310108,6,119766,126330,0.35527570215673976,0.6447242978432602
76,-0.1205978464266607,5,0.01175589823310108,7,136784,143246,0.4291513501044073,0.5708486498955927
76,-0.1205978464266607,5,0.01175589823310108,8,188096,196620,0.5453773843964707,0.45462261560352935
77,-0.1205978464266607,5,0.0272038490244475,1,143554,177653,0.5187115498599955,0.4812884501400045
77,-0.1205978464266607,5,0.0272038490244475,2,103770,118544,0.3535060148268314,0.6464939851731686
77,-0.1205978464266607,5,0.0272038490244475,3,227827,214239,0.5861131249572533,0.41388687504274674
77,-0.1205978464266607,5,0.0272038490244475,4,223828,216897,0.6025452262423326,0.39745477375766736
77,-0.1205978464266607,5,0.0272038490244475,5,224091,216246,0.6480445922862537,0.3519554077137463
77,-0.1205978464266607,5,0.0272038490244475,6,119766,126330,0.35527570215673976,0.6447242978432602
77,-0.1205978464266607,5,0.0272038490244475,7,136784,143246,0.4291513501044073,0.5708486498955927
77,-0.1205978464266607,5,0.0272038490244475,8,188096,196620,0.5453773843964707,0.45462261560352935
78,-0.1205978464266607,5,0.0272038490244475,1,143554,177653,0.5187115498599955,0.4812884501400045
78,-0.1205978464266607,5,0.0272038490244475,2,103770,118544,0.3535060148268314,0.6464939851731686
78,-0.1205978464266607,5,0.0272038490244475,3,227827,214239,0.5861131249572533,0.41388687504274674
78,-0.1205978464266607,5,0.0272038490244475,4,223828,216897,0.6025452262423326,0.39745477375766736
78,-0.1205978464266607,5,0.0272038490244475,5,224091,216246,0.6480445922862537,0.3519554077137463
78,-0.1205978464266607,5,0.0272038490244475,6,119766,126330,0.35527570215673976,0.6447242978432602
78,-0.1205978464266607,5,0.0272038490244475,7,136784,143246,0.4291513501044073,0.5708486498955927
78,-0.1205978464266607,5,0.0272038490244475,8,188096,196620,0.5453773843964707,0.45462261560352935
79,-0.1205978464266607,5,0.0272038490244475,1,143554,177653,0.5187115498599955,0.4812884501400045
79,-0.1205978464266607,5,0.0272038490244475,2,103770,118544,0.3535060148268314,0.6464939851731686
79,-0.1205978464266607,5,0.0272038490244475,3,227827,214239,0.5861131249572533,0.41388687504274674
79,-0.1205978464266607,5,0.0272038490244475,4,223828,216897,0.6025452262423326,0.39745477375766736
79,-0.1205978464266607,5,0.0272038490244475,5,224091,216246,0.6480445922862537,0.3519554077137463
79,-0.1205978464266607,5,0.0272038490244475,6,119766,126330,0.35527570215673976,0.6447242978432602
79,-0.1205978464266607,5,0.0272038490244475,7,136784,143246,0.4291513501044073,0.5708486498955927
79,-0.1205978464266607,5,0.0272038490244475,8,188096,196620,0.5453773843964707,0.45462261560352935
80,-0.1205978464266607,5,0.0272038490244475,1,143554,177653,0.5187115498599955,0.4812884501400045
80,-0.1205978464266607,5,0.0272038490244475,2,103770,118544,0.3535060148268314,0.6464939851731686
80,-0.1205978464266607,5,0.0272038490244475,3,227827,214239,0.5861131249572533,0.41388687504274674
80,-0.1205978464266607,5,0.0272038490244475,4,223828,216897,0.6025452262423326,0.39745477375766736
80,-0.1205978464266607,5,0.0272038490244475,5,224091,216246,0.6480445922862537,0.3519554077137463
80,-0.1205978464266607,5,0.0272038490244475,6,119766,126330,0.35527570215673976,0.6447242978432602
80,-0.1205978464266607,5,0.0272038490244475,7,136784,143246,0.4291513501044073,0.5708486498955927
80,-0.1205978464266607,5,0.0272038490244475,8,188096,196620,0.5453773843964707,0.45462261560352935
81,-0.1205978464266607,5,0.0272038490244475,1,143554,177653,0.5187115498599955,0.4812884501400045
81,-0.1205978464266607,5,0.0272038490244475,2,103770,118544,0.3535060148268314,0.6464939851731686
81,-0.1205978464266607,5,0.0272038490244475,3,227827,214239,0.5861131249572533,0.41388687504274674
81,-0.1205978464266607,5,0.0272038490244475,4,223828,216897,0.6025452262423326,0.39745477375766736
81,-0.1205978464266607,5,0.0272038490244475,5,224091,216246,0.6480445922862537,0.3519554077137463
81,-0.1205978464266607,5,0.0272038490244475,6,119766,126330,0.35527570215673976,0.6447242978432602
81,-0.1205978464266607,5,0.0272038490244475,7,136784,143246,0.4291513501044073,0.5708486498955927
81,-0.1205978464266607,5,0.0272038490244475,8,188096,196620,0.5453773843964707,0.45462261560352935
82,-0.1205978464266607,5,0.0272038490244475,1,143554,177653,0.5187115498599955,0.4812884501400045
82,-0.1205978464266607,5,0.0272038490244475,2,103770,118544,0.3535060148268314,0.6464939851731686
82,-0.1205978464266607,5,0.0272038490244475,3,227827,214239,0.5861131249572533,0.41388687504274674
82,-0.1205978464266607,5,0.0272038490244475,4,223828,216897,0.6025452262423326,0.39745477375766736
82,-0.1205978464266607,5,0.0272038490244475,5,224091,216246,0.6480445922862537,0.3519554077137463
82,-0.1205978464266607,5,0.0272038490244475,6,119766,126330,0.35527570215673976,0.6447242978432602
82,-0.1205978464266607,5,0.0272038490244475,7,136784,143246,0.4291513501044073,0.5708486498955927
82,-0.1205978464266607,5,0.0272038490244475,8,188096,196620,0.5453773843964707,0.45462261560352935
83,-0.12029643658211284,5,0.02713168684970779,1,143554,177653,0.5187115498599955,0.4812884501400045
83,-0.12029643658211284,5,0.02713168684970779,2,103770,118544,0.3535060148268314,0.6464939851731686
83,-0.12029643658211284,5,0.02713168684970779,3,227827,214239,0.5861131249572533,0.41388687504274674
83,-0.12029643658211284,5,0.02713168684970779,4,223894,216649,0.6032640172863157,0.39673598271368427
83,-0.12029643658211284,5,0.02713168684970779,5,224091,216246,0.6480445922862537,0.3519554077137463
83,-0.12029643658211284,5,0.02713168684970779,6,119700,126578,0.3551342085106741,0.6448657914893259
83,-0.12029643658211284,5,0.02713168684970779,7,136784,143246,0.4291513501044073,0.5708486498955927
83,-0.12029643658211284,5,0.02713168684970779,8,188096,196620,0.5453773843964707,0.45462261560352935
84,-0.12220500677633918,5,0.02772555979820745,1,143554,177653,0.5187115498599955,0.4812884501400045
84,-0.12220500677633918,5,0.02772555979820745,2,103770,118544,0.3535060148268314,0.6464939851731686
84,-0.12220500677633918,5,0.02772555979820745,3,227827,214239,0.5861131249572533,0.41388687504274674
84,-0.12220500677633918,5,0.02772555979820745,4,223894,216649,0.6032640172863157,0.39673598271368427
84,-0.12220500677633918,5,0.02772555979820745,5,118856,126217,0.35948607819905215,0.6405139218009479
84,-0.12220500677633918,5,0.02772555979820745,6,224935,216607,0.6389417390098788,0.3610582609901212
84,-0.12220500677633918,5,0.02772555979820745,7,136784,143246,0.4291513501044073,0.5708486498955927
84,-0.12220500677633918,5,0.02772555979820745,8,188096,196620,0.5453773843964707,0.45462261560352935
85,-0.12220500677633918,5,0.02772555979820745,1,143554,177653,0.5187115498599955,0.4812884501400045
85,-0.12220500677633918,5,0.02772555979820745,2,227827,214239,0.5861131249572533,0.41388687504274674
85,-0.12220500677633918,5,0.02772555979820745,3,103770,118544,0.3535060148268314,0.6464939851731686
85,-0.12220500677633918,5,0.02772555979820745,4,223894,216649,0.6032640172863157,0.39673598271368427
85,-0.12220500677633918,5,0.02772555979820745,5,118856,126217,0.35948607819905215,0.6405139218009479
85,-0.12220500677633918,5,0.02772555979820745,6,224935,216607,0.6389417390098788,0.3610582609901212
85,-0.12220500677633918,5,0.02772555979820745,7,136784,143246,0.4291513501044073,0.5708486498955927
85,-0.12220500677633918,5,0.02772555979820745,8,188096,196620,0.5453773843964707,0.45462261560352935
86,-0.12220500677633918,5,0.02772555979820745,1,143554,177653,0.5187115498599955,0.4812884501400045
86,-0.12220500677633918,5,0.02772555979820745,2,227827,214239,0.5861131249572533,0.41388687504274674
86,-0.12220500677633918,5,0.02772555979820745,3,103770,118544,0.3535060148268314,0.6464939851731686
86,-0.12220500677633918,5,0.02772555979820745,4,223894,216649,0.6032640172863157,0.39673598271368427
86,-0.12220500677633918,5,0.02772555979820745,5,118856,126217,0.35948607819905215,0.6405139218009479
86,-0.12220500677633918,5,0.02772555979820745,6,224935,216607,0.6389417390098788,0.3610582609901212
86,-0.12220500677633918,5,0.02772555979820745,7,136784,143246,0.4291513501044073,0.5708486498955927
86,-0.12220500677633918,5,0.02772555979820745,8,188096,196620,0.5453773843964707,0.45462261560352935
87,-0.12220500677633918,5,0.02772555979820745,1,143554,177653,0.5187115498599955,0.4812884501400045
87,-0.12220500677633918,5,0.02772555979820745,2,227827,214239,0.5861131249572533,0.41388687504274674
87,-0.12220500677633918,5,0.02772555979820745,3,103770,118544,0.3535060148268314,0.6464939851731686
87,-0.12220500677633918,5,0.02772555979820745,4,223894,216649,0.6032640172863157,0.39673598271368427
87,-0.12220500677633918,5,0.02772555979820745,5,118856,126217,0.35948607819905215,0.6405139218009479
87,-0.12220500677633918,5,0.02772555979820745,6,224935,216607,0.6389417390098788,0.3610582609901212
87,-0.12220500677633918,5,0.02772555979820745,7,136784,143246,0.4291513501044073,0.5708486498955927
87,-0.12220500677633918,5,0.02772555979820745,8,188096,196620,0.5453773843964707,0.45462261560352935
88,-0.12220500677633918,5,0.02772555979820745,1,143554,177653,0.5187115498599955,0.4812884501400045
88,-0.12220500677633918,5,0.02772555979820745,2,227827,214239,0.5861131249572533,0.41388687504274674
88,-0.12220500677633918,5,0.02772555979820745,3,103770,118544,0.3535060148268314,0.6464939851731686
88,-0.12220500677633918,5,0.02772555979820745,4,223894,216649,0.6032640172863157,0.39673598271368427
88,-0.12220500677633918,5,0.02772555979820745,5,118856,126217,0.35948607819905215,0.6405139218009479
88,-0.12220500677633918,5,0.02772555979820745,6,224935,216607,0.6389417390098788,0.3610582609901212
88,-0.12220500677633918,5,0.02772555979820745,7,136784,143246,0.4291513501044073,0.5708486498955927
88,-0.12220500677633918,5,0.02772555979820745,8,188096,196620,0.5453773843964707,0.45462261560352935
89,-0.12220500677633918,5,0.02772555979820745,1,143554,177653,0.5187115498599955,0.4812884501400045
89,-0.12220500677633918,5,0.02772555979820745,2,227827,214239,0.5861131249572533,0.41388687504274674
89,-0.12220500677633918,5,0.02772555979820745,3,103770,118544,0.3535060148268314,0.6464939851731686
89,-0.12220500677633918,5,0.02772555979820745,4,223894,216649,0.6032640172863157,0.39673598271368427
89,-0.12220500677633918,5,0.02772555979820745,5,118856,126217,0.35948607819905215,0.6405139218009479
89,-0.12220500677633918,5,0.02772555979820745,6,224935,216607,0.6389417390098788,0.3610582609901212
89,-0.12220500677633918,5,0.02772555979820745,7,136784,143246,0.4291513501044073,0.5708486498955927
89,-0.12220500677633918,5,0.02772555979820745,8,188096,196620,0.5453773843964707,0.45462261560352935
90,-0.12220500677633918,5,0.02772555979820745,1,143554,177653,0.5187115498599955,0.4812884501400045
90,-0.12220500677633918,5,0.02772555979820745,2,103770,118544,0.3535060148268314,0.6464939851731686
90,-0.12220500677633918,5,0.02772555979820745,3,227827,214239,0.5861131249572533,0.41388687504274674
90,-0.12220500677633918,5,0.02772555979820745,4,223894,216649,0.6032640172863157,0.39673598271368427
90,-0.12220500677633918,5,0.02772555979820745,5,118856,126217,0.35948607819905215,0.6405139218009479
90,-0.12220500677633918,5,0.02772555979820745,6,224935,216607,0.6389417390098788,0.3610582609901212
90,-0.12220500677633918,5,0.02772555979820745,7,136784,143246,0.4291513501044073,0.5708486498955927
90,-0.12220500677633918,5,0.02772555979820745,8,188096,196620,0.5453773843964707,0.45462261560352935
91,-0.12220500677633918,5,0.02772555979820745,1,143554,177653,0.5187115498599955,0.4812884501400045
91,-0.12220500677633918,5,0.02772555979820745,2,103770,118544,0.3535060148268314,0.6464939851731686
91,-0.12220500677633918,5,0.02772555979820745,3,227827,214239,0.5861131249572533,0.41388687504274674
91,-0.12220500677633918,5,0.02772555979820745,4,223894,216649,0.6032640172863157,0.39673598271368427
91,-0.12220500677633918,5,0.02772555979820745,5,224935,216607,0.6389417390098788,0.3610582609901212
91,-0.12220500677633918,5,0.02772555979820745,6,118856,126217,0.35948607819905215,0.6405139218009479
91,-0.12220500677633918,5,0.02772555979820745,7,136784,143246,0.4291513501044073,0.5708486498955927
91,-0.12220500677633918,5,0.02772555979820745,8,188096,196620,0.5453773843964707,0.45462261560352935
92,-0.12220500677633918,5,0.02772555979820745,1,143554,177653,0.5187115498599955,0.4812884501400045
92,-0.12220500677633918,5,0.02772555979820745,2,103770,118544,0.3535060148268314,0.6464939851731686
92,-0.12220500677633918,5,0.02772555979820745,3,227827,214239,0.5861131249572533,0.41388687504274674
92,-0.12220500677633918,5,0.02772555979820745,4,223894,216649,0.6032640172863157,0.39673598271368427
92,-0.12220500677633918,5,0.02772555979820745,5,224935,216607,0.6389417390098788,0.3610582609901212
92,-0.12220500677633918,5,0.02772555979820745,6,118856,126217,0.35948607819905215,0.6405139218009479
92,-0.12220500677633918,5,0.02772555979820745,7,136784,143246,0.4291513501044073,0.5708486498955927
92,-0.12220500677633918,5,0.02772555979820745,8,188096,196620,0.5453773843964707,0.45462261560352935
93,-0.12220500677633918,5,0.02772555979820745,1,143554,177653,0.5187115498599955,0.4812884501400045
93,-0.12220500677633918,5,0.02772555979820745,2,103770,118544,0.3535060148268314,0.6464939851731686
93,-0.12220500677633918,5,0.02772555979820745,3,227827,214239,0.5861131249572533,0.41388687504274674
93,-0.12220500677633918,5,0.02772555979820745,4,223894,216649,0.6032640172863157,0.39673598271368427
93,-0.12220500677633918,5,0.02772555979820745,5,224935,216607,0.6389417390098788,0.3610582609901212
93,-0.12220500677633918,5,0.02772555979820745,6,118856,126217,0.35948607819905215,0.6405139218009479
93,-0.12220500677633918,5,0.02772555979820745,7,136784,143246,0.4291513501044073,0.5708486498955927
93,-0.12220500677633918,5,0.02772555979820745,8,188096,196620,0.5453773843964707,0.45462261560352935
94,-0.12220500677633918,5,0.02772555979820745,1,143554,177653,0.5187115498599955,0.4812884501400045
94,-0.12220500677633918,5,0.02772555979820745,2,103770,118544,0.3535060148268314,0.6464939851731686
94,-0.12220500677633918,5,0.02772555979820745,3,227827,214239,0.5861131249572533,0.41388687504274674
94,-0.12220500677633918,5,0.02772555979820745,4,223894,216649,0.6032640172863157,0.39673598271368427
94,-0.12220500677633918,5,0.02772555979820745,5,224935,216607,0.6389417390098788,0.3610582609901212
94,-0.12220500677633918,5,0.02772555979820745,6,118856,126217,0.35948607819905215,0.6405139218009479
94,-0.12220500677633918,5,0.02772555979820745,7,136784,143246,0.4291513501044073,0.5708486498955927
94,-0.12220500677633918,5,0.02772555979820745,8,188096,196620,0.5453773843964707,0.45462261560352935
95,-0.12220500677633918,5,0.02772555979820745,1,143554,177653,0.5187115498599955,0.4812884501400045
95,-0.12220500677633918,5,0.02772555979820745,2,103770,118544,0.3535060148268314,0.6464939851731686
95,-0.12220500677633918,5,0.02772555979820745,3,227827,214239,0.5861131249572533,0.41388687504274674
95,-0.12220500677633918,5,0.02772555979820745,4,223894,216649,0.6032640172863157,0.39673598271368427
95,-0.12220500677633918,5,0.02772555979820745,5,224935,216607,0.6389417390098788,0.3610582609901212
95,-0.12220500677633918,5,0.02772555979820745,6,118856,126217,0.35948607819905215,0.6405139218009479
95,-0.12220500677633918,5,0.02772555979820745,7,136784,143246,0.4291513501044073,0.5708486498955927
95,-0.12220500677633918,5,0.02772555979820745,8,188096,196620,0.5453773843964707,0.45462261560352935
96,-0.12220500677633918,5,0.02772555979820745,1,143554,177653,0.5187115498599955,0.4812884501400045
96,-0.12220500677633918,5,0.02772555979820745,2,227827,214239,0.5861131249572533,0.41388687504274674
96,-0.12220500677633918,5,0.02772555979820745,3,103770,118544,0.3535060148268314,0.6464939851731686
96,-0.12220500677633918,5,0.02772555979820745,4,223894,216649,0.6032640172863157,0.39673598271368427
96,-0.12220500677633918,5,0.02772555979820745,5,224935,216607,0.6389417390098788,0.3610582609901212
96,-0.12220500677633918,5,0.02772555979820745,6,118856,126217,0.35948607819905215,0.6405139218009479
96,-0.12220500677633918,5,0.02772555979820745,7,136784,143246,0.4291513501044073,0.5708486498955927
96,-0.12220500677633918,5,0.02772555979820745,8,188096,196620,0.5453773843964707,0.45462261560352935
97,-0.12220500677633918,5,0.02772555979820745,1,143554,177653,0.5187115498599955,0.4812884501400045
97,-0.12220500677633918,5,0.02772555979820745,2,103770,118544,0.3535060148268314,0.6464939851731686
97,-0.12220500677633918,5,0.02772555979820745,3,227827,214239,0.5861131249572533,0.41388687504274674
97,-0.12220500677633918,5,0.02772555979820745,4,223894,216649,0.6032640172863157,0.39673598271368427
97,-0.12220500677633918,5,0.02772555979820745,5,224935,216607,0.6389417390098788,0.3610582609901212
97,-0.12220500677633918,5,0.02772555979820745,6,118856,126217,0.35948607819905215,0.6405139218009479
97,-0.12220500677633918,5,0.02772555979820745,7,136784,143246,0.4291513501044073,0.5708486498955927
97,-0.12220500677633918,5,0.02772555979820745,8,188096,196620,0.5453773843964707,0.45462261560352935
98,-0.12220500677633918,5,0.02772555979820745,1,143554,177653,0.5187115498599955,0.4812884501400045
98,-0.12220500677633918,5,0.02772555979820745,2,103770,118544,0.3535060148268314,0.6464939851731686
98,-0.12220500677633918,5,0.02772555979820745,3,227827,214239,0.5861131249572533,0.41388687504274674
98,-0.12220500677633918,5,0.02772555979820745,4,223894,216649,0.6032640172863157,0.39673598271368427
98,-0.12220500677633918,5,0.02772555979820745,5,224935,216607,0.6389417390098788,0.3610582609901212
98,-0.12220500677633918,5,0.02772555979820745,6,118856,126217,0.35948607819905215,0.6405139218009479
98,-0.12220500677633918,5,0.02772555979820745,7,136784,143246,0.4291513501044073,0.5708486498955927
98,-0.12220500677633918,5,0.02772555979820745,8,188096,196620,0.5453773843964707,0.45462261560352935
99,-0.12220500677633918,5,0.02772555979820745,1,143554,177653,0.5187115498599955,0.4812884501400045
99,-0.12220500677633918,5,0.02772555979820745,2,103770,118544,0.3535060148268314,0.6464939851731686
99,-0.12220500677633918,5,0.02772555979820745,3,227827,214239,0.5861131249572533,0.41388687504274674
99,-0.12220500677633918,5,0.02772555979820745,4,223894,216649,0.6032640172863157,0.39673598271368427
99,-0.12220500677633918,5,0.02772555979820745,5,224935,216607,0.6389417390098788,0.3610582609901212
99,-0.12220500677633918,5,0.02772555979820745,6,118856,126217,0.35948607819905215,0.6405139218009479
99,-0.12220500677633918,5,0.02772555979820745,7,136784,143246,0.4291513501044073,0.5708486498955927
99,-0.12220500677633918,5,0.02772555979820745,8,188096,196620,0.5453773843964707,0.45462261560352935
100,-0.12220500677633918,5,0.02772555979820745,1,143554,177653,0.5187115498599955,0.4812884501400045
100,-0.12220500677633918,5,0.02772555979820745,2,227827,214239,0.5861131249572533,0.41388687504274674
100,-0.12220500677633918,5,0.02772555979820745,3,103770,118544,0.3535060148268314,0.6464939851731686
100,-0.12220500677633918,5,0.02772555979820745,4,223894,216649,0.6032640172863157,0.39673598271368427
100,-0.12220500677633918,5,0.02772555979820745,5,224935,216607,0.6389417390098788,0.3610582609901212
100,-0.12220500677633918,5,0.02772555979820745,6,118856,126217,0.35948607819905215,0.6405139218009479
100,-0.12220500677633918,5,0.02772555979820745,7,136784,143246,0.4291513501044073,0.5708486498955927
100,-0.12220500677633918,5,0.02772555979820745,8,188096,196620,0.5453773843964707,0.45462261560352935
101,-0.12220500677633918,5,0.02772555979820745,1,143554,177653,0.5187115498599955,0.4812884501400045
101,-0.12220500677633918,5,0.02772555979820745,2,227827,214239,0.5861131249572533,0.41388687504274674
101,-0.12220500677633918,5,0.02772555979820745,3,103770,118544,0.3535060148268314,0.6464939851731686
101,-0.12220500677633918,5,0.02772555979820745,4,223894,216649,0.6032640172863157,0.39673598271368427
101,-0.12220500677633918,5,0.02772555979820745,5,224935,216607,0.6389417390098788,0.3610582609901212
101,-0.12220500677633918,5,0.02772555979820745,6,118856,126217,0.35948607819905215,0.6405139218009479
101,-0.12220500677633918,5,0.02772555979820745,7,136784,143246,0.4291513501044073,0.5708486498955927
101,-0.12220500677633918,5,0.02772555979820745,8,188096,196620,0.5453773843964707,0.45462261560352935
