State,efficiency_gap,partisan_bias,d_seats,r_seats
1,-0.2682825702939787,-0.25,2,6
2,-0.26711101893392053,-0.25,2,6
3,-0.13013244450919176,-0.125,3,5
4,-0.13072485838222572,-0.125,3,5
5,-0.13072485838222572,-0.125,3,5
6,-0.13072485838222572,-0.125,3,5
7,-0.13072485838222572,-0.125,3,5
8,-0.13072485838222572,-0.125,3,5
9,-0.0029077079467781978,0.0,4,4
10,-0.0029077079467781978,0.0,4,4
11,-0.0029077079467781978,0.0,4,4
12,-0.0029077079467781978,0.0,4,4
13,-0.0020264429727191798,0.0,4,4
14,-0.0020264429727191798,0.0,4,4
15,-0.0020264429727191798,0.0,4,4
16,-0.0020264429727191798,0.0,4,4
17,0.12237759979446719,0.125,5,3
18,0.12237759979446719,0.125,5,3
19,0.11813776798116045,0.125,5,3
20,0.12084830365463024,0.125,5,3
21,-0.0119317033997954,0.0,4,4
22,-0.013284100666582224,0.0,4,4
23,-0.014987783930764723,0.0,4,4
24,-0.014987783930764723,0.0,4,4
25,-0.01601221858098398,0.0,4,4
26,-0.01601221858098398,0.0,4,4
27,-0.01601221858098398,0.0,4,4
28,-0.01757165570527571,0.0,4,4
29,-0.01757165570527571,0.0,4,4
30,-0.01757165570527571,0.0,4,4
31,-0.013558240096623384,0.0,4,4
32,-0.013558240096623384,0.0,4,4
33,-0.015010030847862305,0.0,4,4
34,-0.015010030847862305,0.0,4,4
35,-0.015010030847862305,0.0,4,4
36,-0.015010030847862305,0.0,4,4
37,-0.015010030847862305,0.0,4,4
38,-0.00968476477293971,0.0,4,4
39,-0.00968476477293971,0.0,4,4
40,-0.00968476477293971,0.0,4,4
41,-0.00968476477293971,0.0,4,4
42,-0.00968476477293971,0.0,4,4
43,-0.013404664604401373,0.0,4,4
44,-0.008529360368839533,0.0,4,4
45,-0.008529360368839533,0.0,4,4
46,-0.0073369973766578885,0.0,4,4
47,-0.0073369973766578885,0.0,4,4
48,-0.0073369973766578885,0.0,4,4
49,-0.008060381003572783,0.0,4,4
50,-0.010071215252199305,0.0,4,4
51,-0.012243877881648555,0.0,4,4
52,-0.010501800744410551,0.0,4,4
53,-0.010501800744410551,0.0,4,4
54,-0.009608335848072216,0.0,4,4
55,-0.008397672972471593,0.0,4,4
56,-0.008397672972471593,0.0,4,4
57,-0.010204696754784791,0.0,4,4
58,-0.009710241081228877,0.0,4,4
59,-0.01196076792051966,0.0,4,4
60,-0.010369036884312084,0.0,4,4
61,-0.005998235317124421,0.0,4,4
62,-0.011216931482724731,0.0,4,4
63,-0.011216931482724731,0.0,4,4
64,-0.010521177091560058,0.0,4,4
65,-0.010521177091560058,0.0,4,4
66,-0.010521177091560058,0.0,4,4
67,-0.010521177091560058,0.0,4,4
68,-0.009042474747057935,0.0,4,4
69,-0.011361177622615497,0.0,4,4
70,-0.01228621878838266,0.0,4,4
71,-0.01228621878838266,0.0,4,4
72,-0.008922269630482295,0.0,4,4
73,-0.009487413089009557,0.0,4,4
74,-0.13199365029927485,-0.125,3,5
75,-0.13199365029927485,-0.125,3,5
76,-0.12915680954808975,-0.125,3,5
77,-0.12915680954808975,-0.125,3,5
78,-0.12915680954808975,-0.125,3,5
79,-0.0067191071953347494,0.0,4,4
80,-0.003121565407909784,0.0,4,4
81,-0.0008771385297586604,0.0,4,4
82,-0.004564385628060969,0.0,4,4
83,-0.007175886638322181,0.0,4,4
84,-0.007175886638322181,0.0,4,4
85,-0.007175886638322181,0.0,4,4
86,-0.0034961747861335683,0.0,4,4
87,-0.0034961747861335683,0.0,4,4
88,-0.003807272804256194,0.0,4,4
89,-0.0011387192162769927,0.0,4,4
90,-0.004819507532196133,0.0,4,4
91,-0.004819507532196133,0.0,4,4
92,-0.008957075291102705,0.0,4,4
93,-0.0075727429336435465,0.0,4,4
94,-0.12974527638744512,-0.125,3,5
95,-0.12974527638744512,-0.125,3,5
96,-0.006823165355952468,0.0,4,4
97,-0.009295802544975551,0.0,4,4
98,-0.008769770601990813,0.0,4,4
99,-0.011521211897220678,0.0,4,4
100,-0.0076642423507384365,0.0,4,4
101,-0.13111238532521585,-0.125,3,5
102,-0.1283656087061516,-0.125,3,5
103,-0.1283656087061516,-0.125,3,5
104,-0.008658536016502906,0.0,4,4
105,-0.01348037588678185,0.0,4,4
106,-0.012745151158831148,0.0,4,4
107,-0.012745151158831148,0.0,4,4
108,-0.013031131689908116,0.0,4,4
109,-0.012110755200306578,0.0,4,4
110,-0.014053413412666318,0.0,4,4
111,-0.01594511900844773,0.0,4,4
112,-0.012756633438623446,0.0,4,4
113,-0.014043725239091566,0.0,4,4
114,-0.010967550718485717,0.0,4,4
115,-0.010967550718485717,0.0,4,4
116,-0.010967550718485717,0.0,4,4
117,-0.010967550718485717,0.0,4,4
118,-0.010967550718485717,0.0,4,4
119,-0.010967550718485717,0.0,4,4
120,-0.010967550718485717,0.0,4,4
121,-0.010967550718485717,0.0,4,4
122,-0.010967550718485717,0.0,4,4
123,-0.010967550718485717,0.0,4,4
124,-0.002521616288762113,0.0,4,4
125,-0.007840782402545047,0.0,4,4
126,-0.007840782402545047,0.0,4,4
127,-0.007840782402545047,0.0,4,4
128,-0.13121716112832058,-0.125,3,5
129,-0.1303488137190279,-0.125,3,5
130,-0.12817758637455268,-0.125,3,5
131,-0.12817758637455268,-0.125,3,5
132,-0.13010876230712012,-0.125,3,5
133,-0.2595775669264413,-0.25,2,6
134,-0.2595775669264413,-0.25,2,6
135,-0.2595775669264413,-0.25,2,6
136,-0.2595775669264413,-0.25,2,6
137,-0.13621769397786718,-0.125,3,5
138,-0.2595775669264413,-0.25,2,6
139,-0.2595775669264413,-0.25,2,6
140,-0.2595775669264413,-0.25,2,6
141,-0.13962111347255357,-0.125,3,5
142,-0.13962111347255357,-0.125,3,5
143,-0.13962111347255357,-0.125,3,5
144,-0.13654924480686984,-0.25,3,5
145,-0.13654924480686984,-0.25,3,5
146,-0.1399896228896377,-0.125,3,5
147,-0.1399896228896377,-0.125,3,5
148,-0.1399896228896377,-0.125,3,5
149,-0.13904699948293858,-0.125,3,5
150,-0.13904699948293858,-0.125,3,5
151,-0.14067497146474062,-0.125,3,5
152,-0.14060715424971734,-0.125,3,5
153,-0.1423965957910986,-0.125,3,5
154,-0.1423965957910986,-0.125,3,5
155,-0.14155695408128666,-0.125,3,5
156,-0.13948045554509791,-0.125,3,5
157,-0.13948045554509791,-0.125,3,5
158,-0.13948045554509791,-0.125,3,5
159,-0.2600788402036239,-0.25,2,6
160,-0.2600788402036239,-0.25,2,6
161,-0.13891961794149277,-0.25,3,5
162,-0.13891961794149277,-0.25,3,5
163,-0.13891961794149277,-0.25,3,5
164,-0.13998711114093315,-0.25,3,5
165,-0.1393003272808562,-0.25,3,5
166,-0.14143710778595453,-0.25,3,5
167,-0.14143710778595453,-0.25,3,5
168,-0.1420797566330798,-0.125,3,5
169,-0.1420797566330798,-0.125,3,5
170,-0.1420797566330798,-0.125,3,5
171,-0.1420797566330798,-0.125,3,5
172,-0.1420797566330798,-0.125,3,5
173,-0.0057463428041808415,-0.125,4,4
174,-0.0057463428041808415,-0.125,4,4
175,-0.007416655692716969,-0.125,4,4
176,-0.007416655692716969,-0.125,4,4
177,-0.0084744607185826,-0.125,4,4
178,-0.0084744607185826,-0.125,4,4
179,-0.0084744607185826,-0.125,4,4
180,-0.008540483827388323,-0.125,4,4
181,-0.005826359941483432,-0.125,4,4
182,-0.14214577974188553,-0.125,3,5
183,-0.009090556793688191,0.0,4,4
184,-0.009090556793688191,0.0,4,4
185,-0.009090556793688191,0.0,4,4
186,-0.008041004656423278,0.0,4,4
187,-0.00874752368489323,0.0,4,4
188,-0.1295411070998883,-0.125,3,5
189,-0.2664224409676261,-0.25,2,6
190,-0.14284440470299828,-0.125,3,5
191,-0.14139117866678533,-0.125,3,5
192,-0.14176112336884347,-0.125,3,5
193,-0.14383116312264904,-0.125,3,5
194,-0.14383116312264904,-0.125,3,5
195,-0.14383116312264904,-0.125,3,5
196,-0.14407552038947893,-0.125,3,5
197,-0.14390508029881197,-0.125,3,5
198,-0.008476972467287165,0.0,4,4
199,-0.007949864060571896,0.0,4,4
200,-0.007154716184955128,0.0,4,4
201,-0.007807770848142185,0.0,4,4
202,-0.0041718351876617165,0.0,4,4
203,-0.0041718351876617165,0.0,4,4
204,-0.0041718351876617165,0.0,4,4
205,-0.0041718351876617165,0.0,4,4
206,-0.0037197204208399073,0.0,4,4
207,-0.12511002356379106,-0.125,3,5
208,-0.12079376282561682,-0.125,3,5
209,-0.00013796676812935363,0.0,4,4
210,0.12474725528660309,0.0,5,3
211,0.12833762064915785,-0.125,5,3
212,0.12610252312333797,0.0,5,3
213,0.12610252312333797,0.0,5,3
214,0.24776409512638223,0.125,6,2
215,0.11994012708730803,0.0,5,3
216,0.11994012708730803,0.0,5,3
217,0.11994012708730803,0.0,5,3
218,-0.016376780964389503,-0.125,4,4
219,-0.017095499915138777,-0.125,4,4
220,-0.017095499915138777,-0.125,4,4
221,-0.13879187757880343,-0.125,3,5
222,-0.13769496103739529,-0.125,3,5
223,-0.13769496103739529,-0.125,3,5
224,-0.13910764027309167,-0.125,3,5
225,-0.015731620368559653,0.0,4,4
226,-0.015731620368559653,0.0,4,4
227,-0.015731620368559653,0.0,4,4
228,-0.015731620368559653,0.0,4,4
229,-0.13636875772138463,-0.125,3,5
230,-0.13636875772138463,-0.125,3,5
231,-0.13636875772138463,-0.125,3,5
232,-0.13636875772138463,-0.125,3,5
233,-0.13636875772138463,-0.125,3,5
234,-0.13636875772138463,-0.125,3,5
235,-0.13699418314882147,-0.125,3,5
236,-0.13699418314882147,-0.125,3,5
237,-0.13699418314882147,-0.125,3,5
238,-0.1344379406100607,-0.125,3,5
239,-0.1344379406100607,-0.125,3,5
240,-0.13680329024727447,-0.125,3,5
241,-0.012627098969716564,-0.125,4,4
242,-0.012401041586305658,-0.125,4,4
243,-0.13577706149083768,-0.25,3,5
244,-0.134794608926109,-0.25,3,5
245,-0.2611258805921842,-0.25,2,6
246,-0.256179888571651,-0.25,2,6
247,-0.13594534865404356,-0.125,3,5
248,-0.007712683218612202,-0.125,4,4
249,-0.0053631217161128324,-0.125,4,4
250,-0.0058529127135031256,-0.125,4,4
251,-0.0058529127135031256,-0.125,4,4
252,-0.12794722313621967,-0.25,3,5
253,-0.0040071362368909146,-0.125,4,4
254,-0.0040071362368909146,-0.125,4,4
255,-0.0040071362368909146,-0.125,4,4
256,-0.0040071362368909146,-0.125,4,4
257,-0.13210954956092838,-0.125,3,5
258,-0.13631888156853683,-0.125,3,5
259,-0.13927377450883652,-0.125,3,5
260,-0.13927377450883652,-0.125,3,5
261,-0.13927377450883652,-0.125,3,5
262,-0.01432683520022046,0.0,4,4
263,-0.012096043529322692,0.0,4,4
264,-0.013067372635502563,0.0,4,4
265,-0.013067372635502563,0.0,4,4
266,-0.14413723764336253,-0.125,3,5
267,-0.14378308107601878,-0.125,3,5
268,-0.14519683677544573,-0.125,3,5
269,-0.14519683677544573,-0.125,3,5
270,-0.14519683677544573,-0.125,3,5
271,-0.14652232244896934,-0.125,3,5
272,-0.14652232244896934,-0.125,3,5
273,-0.14177511739734033,-0.125,3,5
274,-0.01524039408619532,-0.125,4,4
275,-0.01636063400843158,-0.125,4,4
276,-0.01636063400843158,-0.125,4,4
277,-0.01636063400843158,-0.125,4,4
278,-0.01636063400843158,-0.125,4,4
279,-0.01636063400843158,-0.125,4,4
280,-0.01636063400843158,-0.125,4,4
281,-0.01636063400843158,-0.125,4,4
282,-0.014975225187241896,0.0,4,4
283,-0.015217429526610721,0.0,4,4
284,-0.015217429526610721,0.0,4,4
285,-0.015217429526610721,0.0,4,4
286,-0.015217429526610721,0.0,4,4
287,-0.015217429526610721,0.0,4,4
288,-0.015217429526610721,0.0,4,4
289,-0.015217429526610721,0.0,4,4
290,-0.1429868567366715,-0.125,3,5
291,-0.1429868567366715,-0.125,3,5
292,-0.1429868567366715,-0.125,3,5
293,-0.142029880480232,-0.125,3,5
294,-0.1421134858299697,-0.125,3,5
295,-0.1421134858299697,-0.125,3,5
296,-0.1421134858299697,-0.125,3,5
297,-0.14037104987148818,-0.125,3,5
298,-0.14037104987148818,-0.125,3,5
299,-0.14435540095941624,-0.125,3,5
300,-0.14126236184036545,-0.125,3,5
301,-0.14126236184036545,-0.125,3,5
302,-0.14208657423670648,-0.125,3,5
303,-0.14388785687912353,-0.125,3,5
304,-0.14388785687912353,-0.125,3,5
305,-0.14388785687912353,-0.125,3,5
306,-0.14388785687912353,-0.125,3,5
307,-0.1442463193013894,-0.125,3,5
308,-0.1461229544049434,-0.125,3,5
309,-0.1461229544049434,-0.125,3,5
310,-0.1461229544049434,-0.125,3,5
311,-0.1461229544049434,-0.125,3,5
312,-0.1461229544049434,-0.125,3,5
313,-0.2678781787525436,-0.25,2,6
314,-0.26440012443920724,-0.25,2,6
315,-0.26418483169310164,-0.25,2,6
316,-0.14280924022113436,-0.25,3,5
317,-0.1426388001304674,-0.125,3,5
318,-0.1426388001304674,-0.125,3,5
319,-0.1426388001304674,-0.125,3,5
320,-0.1426388001304674,-0.125,3,5
321,-0.1426388001304674,-0.125,3,5
322,-0.14362519972887466,-0.125,3,5
323,-0.14491731502675193,-0.125,3,5
324,-0.14335572497499913,-0.125,3,5
325,-0.14335572497499913,-0.125,3,5
326,-0.14746709878312952,-0.125,3,5
327,-0.14556965204745195,-0.125,3,5
328,-0.14556965204745195,-0.125,3,5
329,-0.14556965204745195,-0.125,3,5
330,-0.26901313034576374,-0.25,2,6
331,-0.26901313034576374,-0.25,2,6
332,-0.14757438633493883,-0.25,3,5
333,-0.14757438633493883,-0.25,3,5
334,-0.14757438633493883,-0.25,3,5
335,-0.14515341940498108,-0.25,3,5
336,-0.266592163415806,-0.25,2,6
337,-0.26425767240553405,-0.25,2,6
338,-0.14317416142578338,-0.125,3,5
339,-0.14317416142578338,-0.125,3,5
340,-0.005966300226452087,0.0,4,4
341,-0.004029024332744986,0.0,4,4
342,-0.005664172739417195,0.0,4,4
343,-0.005664172739417195,0.0,4,4
344,-0.14199005132220247,-0.125,3,5
345,-0.14597583769510455,-0.125,3,5
346,-0.14597583769510455,-0.125,3,5
347,-0.1435545119439033,-0.125,3,5
348,-0.1435545119439033,-0.125,3,5
349,-0.1406789184984192,-0.125,3,5
350,-0.14160970080408253,-0.125,3,5
351,-0.14160970080408253,-0.125,3,5
352,-0.14160970080408253,-0.125,3,5
353,-0.14160970080408253,-0.125,3,5
354,-0.14160970080408253,-0.125,3,5
355,-0.1438064044568469,-0.125,3,5
356,-0.1438064044568469,-0.125,3,5
357,-0.1438064044568469,-0.125,3,5
358,-0.14461913457339562,-0.125,3,5
359,-0.14461913457339562,-0.125,3,5
360,-0.14232375507866618,-0.125,3,5
361,-0.14232375507866618,-0.125,3,5
362,-0.14533964763036245,-0.125,3,5
363,-0.14533964763036245,-0.125,3,5
364,-0.14414656699569378,-0.125,3,5
365,-0.1488865956224526,-0.125,3,5
366,-0.14746781642561654,-0.125,3,5
367,-0.14746781642561654,-0.125,3,5
368,-0.14746781642561654,-0.125,3,5
369,-0.14746781642561654,-0.125,3,5
370,-0.14519360738425413,-0.125,3,5
371,-0.14519360738425413,-0.125,3,5
372,-0.14327247844650495,-0.125,3,5
373,-0.008638800848109892,-0.125,4,4
374,-0.006628684241970388,-0.125,4,4
375,-0.006628684241970388,-0.125,4,4
376,-0.006628684241970388,-0.125,4,4
377,-0.13941299715131814,-0.125,3,5
378,-0.1379371653767641,-0.125,3,5
379,-0.13940940893888307,-0.125,3,5
380,-0.1366041444571268,-0.125,3,5
381,-0.002347587985660068,0.0,4,4
382,-0.005837483400032222,0.0,4,4
383,-0.0048701013275309546,0.0,4,4
384,-0.0048701013275309546,0.0,4,4
385,-0.0055195677782829185,0.0,4,4
386,-0.0055195677782829185,0.0,4,4
387,-0.0027552089182867148,0.0,4,4
388,-0.0027552089182867148,0.0,4,4
389,-0.003044777661798778,0.0,4,4
390,-0.003044777661798778,0.0,4,4
391,-0.005509879604708165,0.0,4,4
392,-0.005509879604708165,0.0,4,4
393,-0.005509879604708165,0.0,4,4
394,-0.005509879604708165,0.0,4,4
395,-0.004829195705770886,0.0,4,4
396,-0.004829195705770886,0.0,4,4
397,-0.004829195705770886,0.0,4,4
398,-0.004829195705770886,0.0,4,4
399,-0.004829195705770886,0.0,4,4
400,-0.004829195705770886,0.0,4,4
401,-0.0026256744493798312,0.0,4,4
402,-0.004476474423401173,0.0,4,4
403,-0.004806589967429796,0.0,4,4
404,-0.004806589967429796,0.0,4,4
405,-0.004806589967429796,0.0,4,4
406,-0.004806589967429796,0.0,4,4
407,-0.003886213477828256,0.0,4,4
408,-0.007727036068352577,0.0,4,4
409,-0.007727036068352577,0.0,4,4
410,-0.009715982221125026,0.0,4,4
411,-0.009715982221125026,0.0,4,4
412,-0.009715982221125026,0.0,4,4
413,-0.009715982221125026,0.0,4,4
414,-0.009715982221125026,0.0,4,4
415,-0.009715982221125026,0.0,4,4
416,-0.008286438386983688,0.0,4,4
417,-0.007864105783373156,0.0,4,4
418,-0.008260244436207504,0.0,4,4
419,-0.006765036314503949,0.0,4,4
420,-0.006765036314503949,0.0,4,4
421,-0.006765036314503949,0.0,4,4
422,-0.006765036314503949,0.0,4,4
423,-0.007876305705652476,0.0,4,4
424,-0.003473927869035987,0.0,4,4
425,-0.003473927869035987,0.0,4,4
426,-0.0012994711333691915,0.0,4,4
427,-0.0012994711333691915,0.0,4,4
428,-0.004102941508907916,0.0,4,4
429,-0.003487921897532853,0.0,4,4
430,-0.0014742170789582558,0.0,4,4
431,-0.0014853405375070464,0.0,4,4
432,-0.0034452221695552374,0.0,4,4
433,-0.001301982882073757,0.0,4,4
434,-0.0052177991124915364,0.0,4,4
435,-0.008122098257456396,0.0,4,4
436,-0.00391240742860444,0.0,4,4
437,-0.004765684345669727,0.0,4,4
438,-0.006384326975140506,0.0,4,4
439,-0.007854417609798403,0.0,4,4
440,-0.008626242104587064,0.0,4,4
441,-0.005621114190196071,0.0,4,4
442,-0.006762524565799384,0.0,4,4
443,-0.006762524565799384,0.0,4,4
444,-0.007800594423271997,0.0,4,4
445,-0.007800594423271997,0.0,4,4
446,-0.007800594423271997,0.0,4,4
447,-0.007800594423271997,0.0,4,4
448,-0.007469043594269338,0.0,4,4
449,-0.007469043594269338,0.0,4,4
450,-0.007469043594269338,0.0,4,4
451,-0.007469043594269338,0.0,4,4
452,-0.007469043594269338,0.0,4,4
453,-0.12754498452224566,-0.125,3,5
454,-0.12754498452224566,-0.125,3,5
455,-0.12914999194446308,-0.125,3,5
456,-0.008677912363652413,0.0,4,4
457,-0.00612454039483972,0.0,4,4
458,-0.0075350667030750626,0.0,4,4
459,-0.006866223905173593,0.0,4,4
460,-0.006708701379272978,0.0,4,4
461,-0.0138804615732948,0.0,4,4
462,-0.0138804615732948,0.0,4,4
463,-0.015846443166482652,0.0,4,4
464,-0.016192346845225684,0.0,4,4
465,-0.016192346845225684,0.0,4,4
466,-0.015085383308999273,0.0,4,4
467,-0.013670551145841817,-0.125,4,4
468,-0.013670551145841817,-0.125,4,4
469,-0.013670551145841817,-0.125,4,4
470,-0.013670551145841817,-0.125,4,4
471,-0.013670551145841817,-0.125,4,4
472,-0.013670551145841817,-0.125,4,4
473,-0.013670551145841817,-0.125,4,4
474,-0.013670551145841817,-0.125,4,4
475,-0.012757351081110466,-0.125,4,4
476,-0.012757351081110466,-0.125,4,4
477,-0.012740127661422017,-0.125,4,4
478,-0.012202972259888485,-0.125,4,4
479,-0.01146882399566831,-0.125,4,4
480,-0.01146882399566831,-0.125,4,4
481,-0.01146882399566831,-0.125,4,4
482,-0.01146882399566831,-0.125,4,4
483,-0.013273694850520452,-0.125,4,4
484,-0.013273694850520452,-0.125,4,4
485,-0.013273694850520452,-0.125,4,4
486,-0.013273694850520452,-0.125,4,4
487,-0.013273694850520452,-0.125,4,4
488,-0.013273694850520452,-0.125,4,4
489,-0.013273694850520452,-0.125,4,4
490,-0.015712244021410145,-0.125,4,4
491,-0.13850517940523943,-0.125,3,5
492,-0.13850517940523943,-0.125,3,5
493,-0.016902095264887226,0.0,4,4
494,-0.011608405459393456,0.0,4,4
495,-0.01383525009661262,0.0,4,4
496,-0.01383525009661262,0.0,4,4
497,-0.013037949293534795,0.0,4,4
498,-0.013037949293534795,0.0,4,4
499,-0.013037949293534795,0.0,4,4
500,-0.012793950847948422,0.0,4,4
501,-0.012793950847948422,0.0,4,4
502,-0.012896214902348593,0.0,4,4
503,-0.012896214902348593,0.0,4,4
504,-0.009019510187473335,0.0,4,4
505,-0.009019510187473335,0.0,4,4
506,-0.009019510187473335,0.0,4,4
507,-0.009019510187473335,0.0,4,4
508,-0.00897645163825221,0.0,4,4
509,-0.0115373588531786,0.0,4,4
510,-0.013920290731324341,0.0,4,4
511,-0.015183341508477331,0.0,4,4
512,-0.015183341508477331,0.0,4,4
513,-0.015183341508477331,0.0,4,4
514,-0.013942896469665431,0.0,4,4
515,-0.013942896469665431,0.0,4,4
516,-0.013987390303860594,0.0,4,4
517,-0.013987390303860594,0.0,4,4
518,-0.012406423904958299,0.0,4,4
519,-0.01338349415103432,0.0,4,4
520,-0.012345065472318197,0.0,4,4
521,-0.012345065472318197,0.0,4,4
522,-0.012345065472318197,0.0,4,4
523,-0.012345065472318197,0.0,4,4
524,-0.011733992894621736,0.0,4,4
525,-0.011733992894621736,0.0,4,4
526,-0.01402901356810768,0.0,4,4
527,-0.01402901356810768,0.0,4,4
528,-0.01402901356810768,0.0,4,4
529,-0.010472377402442784,0.0,4,4
530,-0.010472377402442784,0.0,4,4
531,-0.008598254047593332,0.0,4,4
532,-0.008598254047593332,0.0,4,4
533,-0.008334520433613943,0.0,4,4
534,-0.008334520433613943,0.0,4,4
535,-0.00531862788191767,0.0,4,4
536,-0.006714083697925618,0.0,4,4
537,-0.006714083697925618,0.0,4,4
538,-0.006714083697925618,0.0,4,4
539,-0.006714083697925618,0.0,4,4
540,-0.006714083697925618,0.0,4,4
541,-0.006714083697925618,0.0,4,4
542,-0.0069404999025800326,0.0,4,4
543,-0.007945199384406274,0.0,4,4
544,-0.007945199384406274,0.0,4,4
545,-0.14330836057085589,-0.125,3,5
546,-0.14330836057085589,-0.125,3,5
547,-0.14073740636111123,-0.125,3,5
548,-0.14073740636111123,-0.125,3,5
549,-0.14073740636111123,-0.125,3,5
550,-0.14073740636111123,-0.125,3,5
551,-0.1409580814258695,-0.125,3,5
552,-0.1409580814258695,-0.125,3,5
553,-0.1409580814258695,-0.125,3,5
554,-0.14301663889988278,-0.125,3,5
555,-0.13553521597271237,-0.125,3,5
556,-0.13553521597271237,-0.125,3,5
557,-0.13818511085602908,-0.125,3,5
558,-0.1412917851823332,-0.125,3,5
559,-0.015543239215717231,0.0,4,4
560,-0.015543239215717231,0.0,4,4
561,-0.014334729267577666,0.0,4,4
562,-0.014334729267577666,0.0,4,4
563,-0.014334729267577666,0.0,4,4
564,-0.014334729267577666,0.0,4,4
565,-0.014334729267577666,0.0,4,4
566,-0.011725022363534001,0.0,4,4
567,-0.011725022363534001,0.0,4,4
568,-0.010400971974984418,0.0,4,4
569,-0.014627168581037804,0.0,4,4
570,-0.015913542739018904,0.0,4,4
571,-0.015170423943710994,0.0,4,4
572,-0.015170423943710994,0.0,4,4
573,-0.015170423943710994,0.0,4,4
574,-0.015170423943710994,0.0,4,4
575,-0.015924307376324186,0.0,4,4
576,-0.01710375280373949,0.0,4,4
577,-0.015174370977389598,0.0,4,4
578,-0.015174370977389598,0.0,4,4
579,-0.015174370977389598,0.0,4,4
580,-0.015174370977389598,-0.125,4,4
581,-0.01569215003177362,0.0,4,4
582,-0.01569215003177362,0.0,4,4
583,-0.01569215003177362,0.0,4,4
584,-0.01600037747994817,0.0,4,4
585,-0.01600037747994817,0.0,4,4
586,-0.01600037747994817,0.0,4,4
587,-0.01802054108090594,0.0,4,4
588,-0.014668433024041382,-0.125,4,4
589,-0.014668433024041382,-0.125,4,4
590,-0.014668433024041382,-0.125,4,4
591,-0.1374814623975072,-0.125,3,5
592,-0.14140876090771728,-0.125,3,5
593,-0.0013672883483924628,0.0,4,4
594,-0.0013672883483924628,0.0,4,4
595,-0.0013672883483924628,0.0,4,4
596,-0.0013672883483924628,0.0,4,4
597,-0.0013672883483924628,0.0,4,4
598,0.0004128238406575328,0.0,4,4
599,-0.13014464443147106,-0.125,3,5
600,-0.13014464443147106,-0.125,3,5
601,-0.13014464443147106,-0.125,3,5
602,0.000869962104888473,0.0,4,4
603,0.12373071470374103,0.125,5,3
604,0.1256091439135126,0.125,5,3
605,0.1256091439135126,0.125,5,3
606,0.1256091439135126,0.125,5,3
607,-0.011079144125217131,0.0,4,4
608,-0.010269643399859987,-0.125,4,4
609,-0.010269643399859987,-0.125,4,4
610,-0.010686952506061389,-0.125,4,4
611,-0.010686952506061389,-0.125,4,4
612,-0.012131925653673629,-0.125,4,4
613,-0.012131925653673629,-0.125,4,4
614,-0.013731550757238411,-0.125,4,4
615,-0.013731550757238411,-0.125,4,4
616,-0.013731550757238411,-0.125,4,4
617,-0.013731550757238411,-0.125,4,4
618,-0.013731550757238411,-0.125,4,4
619,-0.013731550757238411,-0.125,4,4
620,-0.011196837493088205,-0.125,4,4
621,-0.014185100809034257,-0.125,4,4
622,0.12336005235919585,-0.125,5,3
623,0.12336005235919585,-0.125,5,3
624,0.12336005235919585,-0.125,5,3
625,0.12336005235919585,-0.125,5,3
626,0.12361266251462645,-0.125,5,3
627,0.12361266251462645,-0.125,5,3
628,0.12361266251462645,-0.125,5,3
629,0.12361266251462645,-0.125,5,3
630,-0.010427524747004112,-0.125,4,4
631,-0.1343765821774206,-0.125,3,5
632,-0.1343765821774206,-0.125,3,5
633,-0.1343765821774206,-0.125,3,5
634,-0.1343765821774206,-0.125,3,5
635,-0.1343765821774206,-0.125,3,5
636,-0.009641706223718587,-0.125,4,4
637,-0.009641706223718587,-0.125,4,4
638,-0.009641706223718587,-0.125,4,4
639,-0.009641706223718587,-0.125,4,4
640,-0.009641706223718587,-0.125,4,4
641,-0.009641706223718587,-0.125,4,4
642,-0.009641706223718587,-0.125,4,4
643,-0.009641706223718587,-0.125,4,4
644,-0.013650815977448803,0.0,4,4
645,-0.013650815977448803,0.0,4,4
646,-0.012668363412720141,0.0,4,4
647,-0.01378932097744342,0.0,4,4
648,-0.013961555174327919,0.0,4,4
649,-0.013961555174327919,0.0,4,4
650,-0.015346246353030587,0.0,4,4
651,-0.014276600226129147,0.0,4,4
652,-0.011802527752132027,0.0,4,4
653,-0.011683757920530424,0.0,4,4
654,-0.011683757920530424,0.0,4,4
655,-0.011683757920530424,0.0,4,4
656,-0.01160087021327976,0.0,4,4
657,-0.008389061262627368,0.0,4,4
658,-0.008389061262627368,0.0,4,4
659,-0.008121739436212886,0.0,4,4
660,-0.009295443723732042,0.0,4,4
661,-0.011613428956802587,0.0,4,4
662,-0.011613428956802587,0.0,4,4
663,-0.011613428956802587,0.0,4,4
664,-0.011613428956802587,0.0,4,4
665,-0.010267849293642441,0.0,4,4
666,-0.13219207844693553,-0.125,3,5
667,-0.13219207844693553,-0.125,3,5
668,-0.011727892933482077,0.0,4,4
669,-0.011727892933482077,0.0,4,4
670,-0.011727892933482077,0.0,4,4
671,-0.011727892933482077,0.0,4,4
672,-0.012163143101858944,0.0,4,4
673,-0.010038203697796443,0.0,4,4
674,-0.010038203697796443,0.0,4,4
675,-0.009509301184863627,0.0,4,4
676,-0.013207671741714729,0.0,4,4
677,-0.016127759021394,0.0,4,4
678,-0.016127759021394,0.0,4,4
679,0.12152288759242787,0.125,5,3
680,0.12152288759242787,0.125,5,3
681,-0.017307563270052815,0.0,4,4
682,-0.017307563270052815,0.0,4,4
683,-0.017307563270052815,0.0,4,4
684,-0.015894884034356415,0.0,4,4
685,-0.018263104241518273,0.0,4,4
686,-0.018263104241518273,0.0,4,4
687,-0.017531467726002663,0.0,4,4
688,-0.018159046080900555,0.0,4,4
689,-0.019006940679313203,0.0,4,4
690,0.11901903295521947,0.125,5,3
691,0.11901903295521947,0.125,5,3
692,0.12068360470385944,0.125,5,3
693,0.12068360470385944,0.0,5,3
694,0.12068360470385944,0.125,5,3
695,-0.014077454435981447,0.0,4,4
696,-0.014077454435981447,0.0,4,4
697,-0.013420093917872276,0.0,4,4
698,-0.013451311366057591,0.0,4,4
699,-0.013958684604379844,0.0,4,4
700,-0.013958684604379844,0.0,4,4
701,-0.013958684604379844,0.0,4,4
702,-0.013958684604379844,0.0,4,4
703,-0.013958684604379844,0.0,4,4
704,-0.013958684604379844,0.0,4,4
705,-0.013958684604379844,0.0,4,4
706,0.12249601080482528,0.125,5,3
707,-0.0015757634908714082,0.0,4,4
708,-0.13042057796772977,-0.125,3,5
709,-0.13042057796772977,-0.125,3,5
710,-0.001796438555629672,0.0,4,4
711,-0.001796438555629672,0.0,4,4
712,-0.001796438555629672,0.0,4,4
713,-0.13042057796772977,-0.125,3,5
714,-0.13042057796772977,-0.125,3,5
715,-0.13042057796772977,-0.125,3,5
716,-0.13017370895219532,-0.125,3,5
717,-0.13017370895219532,-0.125,3,5
718,-0.13017370895219532,-0.125,3,5
719,-0.13397219063598553,-0.125,3,5
720,-0.13073813476823556,-0.125,3,5
721,-0.13073813476823556,-0.125,3,5
722,-0.13073813476823556,-0.125,3,5
723,-0.006829624138335637,0.0,4,4
724,0.12302096628407949,0.125,5,3
725,-0.009802099319567275,0.0,4,4
726,-0.009802099319567275,0.0,4,4
727,-0.009400937169323798,0.0,4,4
728,0.12302096628407949,0.125,5,3
729,0.12218204221675458,0.125,5,3
730,0.12110988434114858,0.0,5,3
731,0.12267075675041435,0.0,5,3
732,0.12347308105090131,0.0,5,3
733,0.12471783194463532,0.125,5,3
734,0.12256059862865697,0.125,5,3
735,0.12260329835663458,0.125,5,3
736,0.12260329835663458,0.125,5,3
737,0.12260329835663458,0.125,5,3
738,0.12260329835663458,0.0,5,3
739,-0.0069587997859990106,-0.125,4,4
740,-0.0069587997859990106,-0.125,4,4
741,-0.0069587997859990106,-0.125,4,4
742,-0.13838389782493327,-0.125,3,5
743,-0.13838389782493327,-0.125,3,5
744,-0.13838389782493327,-0.125,3,5
745,-0.14211384465121318,-0.125,3,5
746,-0.009753299630450001,-0.125,4,4
747,-0.009753299630450001,0.0,4,4
748,-0.008512854591638102,0.0,4,4
749,-0.008689753464688222,0.0,4,4
750,0.12496864799384837,0.125,5,3
751,0.12496864799384837,0.125,5,3
752,0.12496864799384837,0.125,5,3
753,0.1253687336803613,0.125,5,3
754,0.12270197419859967,0.125,5,3
755,0.12211960732038395,0.125,5,3
756,0.12211960732038395,0.125,5,3
757,0.0026073745659608532,0.0,4,4
758,0.12675270721657697,0.125,5,3
759,0.12675270721657697,0.125,5,3
760,0.12573401370625387,0.125,5,3
761,0.0026073745659608532,0.0,4,4
762,-0.00023915435879899658,0.0,4,4
763,-0.13386885011785485,-0.125,3,5
764,-0.13386885011785485,-0.125,3,5
765,-0.011636034695143677,-0.125,4,4
766,-0.010587559021609292,-0.125,4,4
767,-0.010587559021609292,-0.125,4,4
768,-0.010587559021609292,0.0,4,4
769,-0.010587559021609292,-0.125,4,4
770,-0.010587559021609292,-0.125,4,4
771,-0.010587559021609292,-0.125,4,4
772,-0.010587559021609292,0.0,4,4
773,-0.010587559021609292,0.0,4,4
774,-0.009550565627867207,0.0,4,4
775,-0.009550565627867207,0.0,4,4
776,-0.012736898270230432,-0.125,4,4
777,-0.014892696301234739,-0.125,4,4
778,-0.014892696301234739,-0.125,4,4
779,-0.016021547933315224,0.0,4,4
780,-0.016021547933315224,0.0,4,4
781,-0.011869627324668279,0.0,4,4
782,-0.015016130809001963,0.0,4,4
783,-0.015016130809001963,0.0,4,4
784,-0.015105477298635797,0.0,4,4
785,-0.01808225833478955,0.0,4,4
786,-0.017419874319271247,0.0,4,4
787,-0.017419874319271247,0.0,4,4
788,-0.017665666871075167,0.0,4,4
789,0.12072128093442792,0.0,5,3
790,-0.01300027306296631,0.0,4,4
791,-0.013484681741703964,0.0,4,4
792,-0.013484681741703964,0.0,4,4
793,-0.014384605420425469,0.0,4,4
794,-0.014384605420425469,0.0,4,4
795,-0.01478325582196438,0.0,4,4
796,-0.01478325582196438,0.0,4,4
797,-0.01478325582196438,0.0,4,4
798,-0.01478325582196438,0.0,4,4
799,-0.01478325582196438,0.0,4,4
800,-0.01478325582196438,0.0,4,4
801,-0.014920325536984962,0.0,4,4
802,-0.01655511512241366,-0.125,4,4
803,-0.01655511512241366,-0.125,4,4
804,-0.01655511512241366,-0.125,4,4
805,-0.01655511512241366,-0.125,4,4
806,-0.017958106184535305,-0.125,4,4
807,-0.017738148762264063,-0.125,4,4
808,-0.013146672130318135,0.0,4,4
809,-0.014496557648400393,0.0,4,4
810,-0.014496557648400393,0.0,4,4
811,-0.014697138723522131,0.0,4,4
812,-0.016765025549866645,0.0,4,4
813,-0.020793152829502858,0.0,4,4
814,-0.020793152829502858,0.0,4,4
815,-0.015540368645769157,0.0,4,4
816,-0.015540368645769157,0.0,4,4
817,-0.015540368645769157,0.0,4,4
818,-0.01236121242827612,0.0,4,4
819,0.12247053449653612,0.125,5,3
820,0.12247053449653612,0.125,5,3
821,0.12247053449653612,0.125,5,3
822,0.12243214062348062,0.125,5,3
823,0.1257627194057346,0.125,5,3
824,0.12732395063624388,0.125,5,3
825,0.12732395063624388,0.125,5,3
826,0.12732395063624388,0.125,5,3
827,-0.011625987700325415,0.0,4,4
828,-0.1419914866071765,-0.125,3,5
829,-0.1419914866071765,-0.125,3,5
830,-0.1419914866071765,-0.125,3,5
831,-0.1419914866071765,-0.125,3,5
832,-0.26430288388221623,-0.25,2,6
833,-0.26430288388221623,-0.25,2,6
834,-0.26430288388221623,-0.25,2,6
835,-0.2656646105013343,-0.25,2,6
836,-0.2656646105013343,-0.25,2,6
837,-0.13341350595984144,-0.125,3,5
838,-0.13341350595984144,-0.125,3,5
839,-0.13341350595984144,-0.125,3,5
840,-0.13341350595984144,-0.125,3,5
841,-0.13341350595984144,-0.125,3,5
842,-0.13341350595984144,-0.125,3,5
843,-0.13341350595984144,-0.125,3,5
844,-0.13341350595984144,-0.125,3,5
845,-0.13341350595984144,-0.125,3,5
846,-0.13341350595984144,-0.125,3,5
847,-0.1377728252472368,-0.125,3,5
848,-0.1377728252472368,-0.125,3,5
849,-0.26425049598066386,-0.25,2,6
850,-0.26425049598066386,-0.25,2,6
851,-0.26425049598066386,-0.25,2,6
852,-0.26425049598066386,-0.25,2,6
853,-0.26294043962061114,-0.25,2,6
854,-0.26294043962061114,-0.25,2,6
855,-0.26294043962061114,-0.25,2,6
856,-0.259929570566324,-0.25,2,6
857,-0.13466112742352354,-0.125,3,5
858,-0.13520079457376163,-0.125,3,5
859,-0.13520079457376163,-0.125,3,5
860,-0.13603541278616443,-0.125,3,5
861,-0.1337683801696722,-0.125,3,5
862,-0.1337683801696722,-0.125,3,5
863,-0.1337683801696722,-0.125,3,5
864,-0.1337683801696722,-0.125,3,5
865,-0.1337683801696722,-0.125,3,5
866,-0.1337683801696722,-0.125,3,5
867,-0.1337683801696722,-0.125,3,5
868,-0.1337683801696722,-0.125,3,5
869,-0.13118235546770016,-0.125,3,5
870,-0.13118235546770016,-0.125,3,5
871,-0.1330295672292864,-0.125,3,5
872,-0.1330295672292864,-0.125,3,5
873,-0.1330295672292864,-0.125,3,5
874,-0.1330295672292864,-0.125,3,5
875,-0.1330295672292864,-0.125,3,5
876,-0.1330295672292864,-0.125,3,5
877,-0.13474580923699175,-0.125,3,5
878,-0.13474580923699175,-0.125,3,5
879,-0.26211156254810447,-0.25,2,6
880,-0.26211156254810447,-0.25,2,6
881,-0.25888288899900713,-0.25,2,6
882,-0.25888288899900713,-0.25,2,6
883,-0.25888288899900713,-0.25,2,6
884,-0.12919269167244068,-0.125,3,5
885,-0.12919269167244068,-0.125,3,5
886,-0.12919269167244068,-0.125,3,5
887,-0.13392769680179037,-0.125,3,5
888,-0.128420149535165,-0.125,3,5
889,-0.128420149535165,-0.125,3,5
890,-0.1252729284083443,-0.125,3,5
891,-0.1252729284083443,-0.125,3,5
892,-0.0011993600064300767,-0.125,4,4
893,-0.0011993600064300767,-0.125,4,4
894,-0.0009987789313083376,-0.25,4,4
895,-0.0009987789313083376,-0.125,4,4
896,-0.13111310296770287,-0.125,3,5
897,0.00010782578367456635,-0.125,4,4
898,-0.0017146273121095353,-0.125,4,4
899,-0.0037796435685059724,0.0,4,4
900,-0.002035413503806914,0.0,4,4
901,-0.002035413503806914,0.0,4,4
902,-0.003410416508934828,0.0,4,4
903,-0.003410416508934828,0.0,4,4
904,-0.00504448845187651,0.0,4,4
905,-0.0017296978043369288,0.0,4,4
906,-0.0017296978043369288,0.0,4,4
907,-0.0036458032446769766,0.0,4,4
908,-0.002684162312071859,0.0,4,4
909,-0.003253611625521233,0.0,4,4
910,-0.003253611625521233,0.0,4,4
911,-0.002588715861298366,0.0,4,4
912,0.0039554659778255645,0.0,4,4
913,0.0039554659778255645,-0.125,4,4
914,0.0039554659778255645,-0.125,4,4
915,-0.003379199060749513,-0.125,4,4
916,-0.003379199060749513,0.0,4,4
917,-0.003379199060749513,0.0,4,4
918,0.12303783088252444,0.0,5,3
919,0.1219800258566588,0.0,5,3
920,0.1218917558307555,0.0,5,3
921,0.1218917558307555,0.0,5,3
922,0.0010249728820845218,-0.125,4,4
923,-0.0004792057707067666,0.0,4,4
924,-0.0011132429079878273,0.0,4,4
925,-0.0011132429079878273,0.0,4,4
926,-0.0011132429079878273,-0.125,4,4
927,-0.0011132429079878273,-0.125,4,4
928,-0.13656754469028884,-0.125,3,5
929,-0.13656754469028884,-0.125,3,5
930,-0.13815855808400937,-0.125,3,5
931,-0.13815855808400937,-0.125,3,5
932,-0.13815855808400937,-0.125,3,5
933,-0.13643585729392088,-0.125,3,5
934,-0.13643585729392088,-0.125,3,5
935,-0.13643585729392088,-0.125,3,5
936,-0.13643585729392088,-0.125,3,5
937,-0.13643585729392088,-0.125,3,5
938,-0.13779794273428247,-0.125,3,5
939,-0.1389436589648079,-0.125,3,5
940,-0.13889162988449902,-0.125,3,5
941,-0.13889162988449902,-0.125,3,5
942,-0.13981523576529215,-0.125,3,5
943,-0.13981523576529215,-0.125,3,5
944,-0.13981523576529215,-0.125,3,5
945,-0.1368004196773264,-0.125,3,5
946,-0.14108259239736726,-0.125,3,5
947,-0.14108259239736726,-0.125,3,5
948,-0.14108259239736726,-0.125,3,5
949,-0.14108259239736726,-0.125,3,5
950,-0.14108259239736726,-0.125,3,5
951,-0.14108259239736726,-0.125,3,5
952,-0.1401536041979215,-0.125,3,5
953,-0.1401536041979215,-0.125,3,5
954,-0.1419688808688354,-0.125,3,5
955,-0.1419688808688354,-0.125,3,5
956,-0.1419688808688354,-0.125,3,5
957,-0.1419688808688354,-0.125,3,5
958,-0.1419688808688354,-0.125,3,5
959,-0.1419688808688354,-0.125,3,5
960,-0.1419688808688354,-0.125,3,5
961,-0.1397513655839475,-0.125,3,5
962,-0.1397513655839475,-0.125,3,5
963,-0.13643334554521633,-0.125,3,5
964,-0.12863293053256608,-0.125,3,5
965,-0.12863293053256608,-0.125,3,5
966,-0.12719513380982403,-0.125,3,5
967,-0.12719513380982403,-0.125,3,5
968,-0.12719513380982403,-0.125,3,5
969,-0.12719513380982403,-0.125,3,5
970,-0.12757871371913554,-0.125,3,5
971,-0.12757871371913554,-0.125,3,5
972,-0.12757871371913554,-0.125,3,5
973,-0.12757871371913554,-0.125,3,5
974,-0.0031377123638677055,-0.125,4,4
975,-0.12757871371913554,-0.125,3,5
976,-0.12757871371913554,-0.125,3,5
977,-0.12757871371913554,-0.125,3,5
978,-0.12757871371913554,-0.125,3,5
979,-0.13350967005310196,-0.125,3,5
980,-0.13350967005310196,-0.125,3,5
981,-0.1358818372939424,-0.125,3,5
982,-0.1358818372939424,-0.125,3,5
983,-0.1358818372939424,-0.125,3,5
984,-0.1358818372939424,-0.125,3,5
985,-0.1358818372939424,-0.125,3,5
986,-0.1358818372939424,-0.125,3,5
987,-0.1335229464391118,-0.125,3,5
988,-0.13172130497545123,-0.125,3,5
989,-0.12749618483312838,-0.125,3,5
990,-0.12749618483312838,-0.125,3,5
991,-0.12749618483312838,-0.125,3,5
992,-0.12749618483312838,-0.125,3,5
993,-0.12496757153011784,-0.125,3,5
994,-0.12496757153011784,-0.125,3,5
995,-0.12496757153011784,-0.125,3,5
996,-0.12496757153011784,-0.125,3,5
997,-0.12496757153011784,-0.125,3,5
998,-0.12496757153011784,-0.125,3,5
999,-0.12611257011815624,-0.125,3,5
1000,-0.12671467216476498,-0.125,3,5
1001,-0.12600922960002556,-0.125,3,5
1002,-0.127960858343473,-0.125,3,5
1003,-0.13169977570084068,-0.125,3,5
1004,-0.13169977570084068,-0.125,3,5
1005,-0.13169977570084068,-0.125,3,5
1006,-0.009522936392116984,0.0,4,4
1007,-0.008442166806666755,0.0,4,4
1008,-0.0050947234259678216,0.0,4,4
1009,-0.0050947234259678216,0.0,4,4
1010,-0.0050947234259678216,0.0,4,4
1011,-0.0050947234259678216,0.0,4,4
1012,-0.008018398918082186,0.0,4,4
1013,-0.008018398918082186,0.0,4,4
1014,-0.008018398918082186,0.0,4,4
1015,-0.002942154786155098,0.0,4,4
1016,-0.002942154786155098,0.0,4,4
1017,-0.0020196253690925015,-0.125,4,4
1018,-0.0032475116643815734,-0.125,4,4
1019,-0.007530043205665931,0.0,4,4
1020,-0.007530043205665931,0.0,4,4
1021,0.12136392978155322,0.125,5,3
1022,0.11742048431538521,0.125,5,3
1023,0.11742048431538521,0.125,5,3
1024,0.12092365611576722,0.125,5,3
1025,0.11798455131018194,0.125,5,3
1026,0.11798455131018194,0.125,5,3
1027,0.11798455131018194,0.125,5,3
1028,0.12015972568833576,0.125,5,3
1029,-0.01284059760960464,0.0,4,4
1030,-0.01284059760960464,0.0,4,4
1031,-0.01284059760960464,0.0,4,4
1032,-0.01247424111998157,0.0,4,4
1033,-0.01247424111998157,0.0,4,4
1034,-0.01247424111998157,0.0,4,4
1035,-0.01247424111998157,0.0,4,4
1036,-0.01247424111998157,0.0,4,4
1037,-0.01247424111998157,0.0,4,4
1038,-0.015546468606908816,0.0,4,4
1039,-0.012640016534482901,0.0,4,4
1040,-0.012640016534482901,0.0,4,4
1041,-0.012640016534482901,0.0,4,4
1042,-0.012640016534482901,0.0,4,4
1043,-0.012640016534482901,0.0,4,4
1044,-0.012640016534482901,0.0,4,4
1045,-0.012640016534482901,0.0,4,4
1046,-0.014556121974822948,0.0,4,4
1047,-0.014556121974822948,0.0,4,4
1048,-0.014556121974822948,0.0,4,4
1049,-0.012296624604444431,0.0,4,4
1050,-0.01100020345164507,0.0,4,4
1051,-0.012224501534499048,0.0,4,4
1052,-0.012224501534499048,0.0,4,4
1053,-0.012842032894578678,0.0,4,4
1054,-0.012479623438634211,0.0,4,4
1055,-0.012479623438634211,0.0,4,4
1056,-0.012479623438634211,0.0,4,4
1057,-0.012479623438634211,0.0,4,4
1058,-0.013855344086249145,0.0,4,4
1059,-0.013855344086249145,0.0,4,4
1060,-0.013855344086249145,0.0,4,4
1061,-0.013855344086249145,0.0,4,4
1062,-0.013855344086249145,0.0,4,4
1063,-0.013855344086249145,0.0,4,4
1064,-0.011922732868707667,0.0,4,4
1065,-0.01160051139203625,0.0,4,4
1066,-0.012683075083704025,0.0,4,4
1067,-0.008909352065715958,-0.125,4,4
1068,-0.009174879785912892,0.0,4,4
1069,-0.009174879785912892,0.0,4,4
1070,-0.010966833075998697,0.0,4,4
1071,-0.012991661353122085,0.0,4,4
1072,-0.012991661353122085,0.0,4,4
1073,-0.012991661353122085,0.0,4,4
1074,-0.012991661353122085,0.0,4,4
1075,-0.014611739267566901,0.0,4,4
1076,-0.015258693969614299,0.0,4,4
1077,-0.015258693969614299,0.0,4,4
1078,-0.015258693969614299,0.0,4,4
1079,-0.015258693969614299,0.0,4,4
1080,-0.01503012483749883,0.0,4,4
1081,-0.017564838101649036,0.0,4,4
1082,-0.017564838101649036,0.0,4,4
1083,-0.020850205407220847,0.0,4,4
1084,-0.1406014131098212,-0.125,3,5
1085,-0.13844166804513827,-0.125,3,5
1086,-0.13844166804513827,-0.125,3,5
1087,-0.1376038204415439,-0.125,3,5
1088,-0.1376038204415439,-0.125,3,5
1089,-0.1376038204415439,-0.125,3,5
1090,-0.13754210318766028,-0.125,3,5
1091,-0.016758566767483475,0.0,4,4
1092,-0.016758566767483475,0.0,4,4
1093,-0.016758566767483475,0.0,4,4
1094,-0.016758566767483475,0.0,4,4
1095,-0.01872096014823623,0.0,4,4
1096,-0.016747084487691175,0.0,4,4
1097,-0.012599469733966341,0.0,4,4
1098,-0.01275448051116239,0.0,4,4
1099,-0.01275448051116239,0.0,4,4
1100,-0.01399456672873078,0.0,4,4
1101,-0.013837403024073675,0.0,4,4
1102,-0.011549558775457918,0.0,4,4
1103,-0.013573669410094287,0.0,4,4
1104,-0.013573669410094287,0.0,4,4
1105,-0.015255464578422716,0.0,4,4
1106,-0.01564765619757846,0.0,4,4
1107,-0.015362034487744999,0.0,4,4
1108,-0.013571157661389721,0.0,4,4
1109,-0.01391024373650608,0.0,4,4
1110,-0.013824844280550848,0.0,4,4
1111,-0.013824844280550848,0.0,4,4
1112,-0.010878921871338902,0.0,4,4
1113,-0.010878921871338902,0.0,4,4
1114,-0.011683040278043405,0.0,4,4
1115,-0.011683040278043405,0.0,4,4
1116,-0.011683040278043405,0.0,4,4
1117,-0.011683040278043405,0.0,4,4
1118,-0.01142325369774262,0.0,4,4
1119,-0.01142325369774262,0.0,4,4
1120,-0.011214778555263675,0.0,4,4
1121,-0.011214778555263675,0.0,4,4
1122,-0.011214778555263675,0.0,4,4
1123,-0.011422536055255601,0.0,4,4
1124,-0.011422536055255601,0.0,4,4
1125,-0.011422536055255601,0.0,4,4
1126,-0.011422536055255601,0.0,4,4
1127,-0.012203331081131995,0.0,4,4
1128,-0.012203331081131995,0.0,4,4
1129,-0.012203331081131995,0.0,4,4
1130,-0.012203331081131995,0.0,4,4
1131,-0.012203331081131995,0.0,4,4
1132,-0.009425337013882436,0.0,4,4
1133,-0.009425337013882436,0.0,4,4
1134,-0.00843391391806604,0.0,4,4
1135,-0.00843391391806604,0.0,4,4
1136,-0.010117144371368505,0.0,4,4
1137,-0.13212749062310386,-0.125,3,5
1138,-0.1332319424106257,-0.125,3,5
1139,-0.12962686537708704,-0.125,3,5
1140,-0.011153420122623572,0.0,4,4
1141,-0.011684475563017443,0.0,4,4
1142,-0.011684475563017443,0.0,4,4
1143,-0.011684475563017443,0.0,4,4
1144,-0.011684475563017443,0.0,4,4
1145,-0.011684475563017443,0.0,4,4
1146,-0.015496233632817503,0.0,4,4
1147,-0.015496233632817503,0.0,4,4
1148,-0.01545281626235287,0.0,4,4
1149,-0.01545281626235287,0.0,4,4
1150,-0.013622827920455072,0.0,4,4
1151,-0.00898219277814836,0.0,4,4
1152,-0.00898219277814836,0.0,4,4
1153,-0.00898219277814836,0.0,4,4
1154,-0.00898219277814836,0.0,4,4
1155,-0.00898219277814836,0.0,4,4
1156,-0.00898219277814836,0.0,4,4
1157,-0.00898219277814836,0.0,4,4
1158,-0.006422720848196008,0.0,4,4
1159,-0.1329987086023446,-0.125,3,5
1160,-0.1329987086023446,-0.125,3,5
1161,-0.13540998735872758,-0.125,3,5
1162,-0.010047533050127686,0.0,4,4
1163,-0.012809380161419325,0.0,4,4
1164,-0.017603949617191555,0.0,4,4
1165,-0.015923589733837167,0.0,4,4
1166,-0.015923589733837167,0.0,4,4
1167,-0.01545209861986585,0.0,4,4
1168,-0.01545209861986585,0.0,4,4
1169,-0.007732777208248726,0.0,4,4
1170,-0.007732777208248726,0.0,4,4
1171,-0.007732777208248726,0.0,4,4
1172,-0.007732777208248726,0.0,4,4
1173,-0.007732777208248726,0.0,4,4
1174,-0.01042250124959498,0.0,4,4
1175,-0.01042250124959498,0.0,4,4
1176,-0.01042250124959498,0.0,4,4
1177,-0.01042250124959498,0.0,4,4
1178,-0.01042250124959498,0.0,4,4
1179,-0.010088438671887755,0.0,4,4
1180,-0.010088438671887755,0.0,4,4
1181,-0.010088438671887755,0.0,4,4
1182,-0.010088438671887755,0.0,4,4
1183,-0.010088438671887755,0.0,4,4
1184,-0.010088438671887755,0.0,4,4
1185,-0.010088438671887755,0.0,4,4
1186,-0.010088438671887755,0.0,4,4
1187,-0.010088438671887755,0.0,4,4
1188,-0.010088438671887755,0.0,4,4
1189,-0.009800305213349729,-0.125,4,4
1190,-0.009800305213349729,-0.125,4,4
1191,-0.009800305213349729,-0.125,4,4
1192,-0.009554871482789318,0.0,4,4
1193,-0.009554871482789318,0.0,4,4
1194,-0.009554871482789318,-0.125,4,4
1195,-0.009554871482789318,0.0,4,4
1196,-0.009554871482789318,0.0,4,4
1197,-0.009231932363630884,0.0,4,4
1198,-0.00903924535586635,-0.125,4,4
1199,-0.00903924535586635,-0.125,4,4
1200,-0.00903924535586635,-0.125,4,4
1201,-0.00903924535586635,-0.125,4,4
1202,-0.005141729008867549,-0.125,4,4
1203,-0.005141729008867549,-0.125,4,4
1204,-0.0018089972991525002,-0.125,4,4
1205,-0.001675874617810523,-0.125,4,4
1206,-0.001675874617810523,-0.125,4,4
1207,-0.0005032467940218945,-0.125,4,4
1208,-0.003994577493368086,-0.125,4,4
1209,-0.0034549103431299904,-0.125,4,4
1210,-0.0034549103431299904,-0.125,4,4
1211,-0.007021593503613151,0.0,4,4
1212,-0.007021593503613151,0.0,4,4
1213,-0.00996572180660755,0.0,4,4
1214,-0.012281912933460547,0.0,4,4
1215,-0.012281912933460547,0.0,4,4
1216,-0.012281912933460547,0.0,4,4
1217,-0.011145884876509875,-0.125,4,4
1218,-0.008156186275589785,-0.125,4,4
1219,-0.009976486443912832,-0.125,4,4
1220,-0.009976486443912832,-0.125,4,4
1221,-0.005934723957023262,-0.125,4,4
1222,-0.005934723957023262,-0.125,4,4
1223,-0.011036444397239517,0.0,4,4
1224,-0.01174906338684913,0.0,4,4
1225,-0.013166766119954659,0.0,4,4
1226,-0.010391283801409665,0.0,4,4
1227,-0.010391283801409665,0.0,4,4
1228,-0.012821221262455135,0.0,4,4
1229,-0.011159520083763232,0.0,4,4
1230,-0.011159520083763232,0.0,4,4
1231,-0.009865610679668435,0.0,4,4
1232,-0.010288302104522475,0.0,4,4
1233,-0.010328131262552016,0.0,4,4
1234,-0.010127909008673787,0.0,4,4
1235,-0.010127909008673787,0.0,4,4
1236,-0.007127445770448416,0.0,4,4
1237,-0.007127445770448416,0.0,4,4
1238,-0.007127445770448416,0.0,4,4
1239,-0.008204268322220041,0.0,4,4
1240,-0.008204268322220041,0.0,4,4
1241,-0.011861015614824054,0.0,4,4
1242,-0.013701050951540115,0.0,4,4
1243,-0.010850216171858152,0.0,4,4
1244,-0.011261425316919893,0.0,4,4
1245,-0.011556735200328107,0.0,4,4
1246,-0.014219188827167648,0.0,4,4
1247,-0.014219188827167648,0.0,4,4
1248,-0.014219188827167648,0.0,4,4
1249,-0.014219188827167648,0.0,4,4
1250,-0.014219188827167648,0.0,4,4
1251,-0.013203724708036125,0.0,4,4
1252,-0.016518874176819215,0.0,4,4
1253,-0.016518874176819215,0.0,4,4
1254,-0.016518874176819215,0.0,4,4
1255,-0.016518874176819215,0.0,4,4
1256,-0.012736180627743413,0.0,4,4
1257,-0.01354926956553565,0.0,4,4
1258,-0.016382522104285653,0.0,4,4
1259,-0.016382522104285653,0.0,4,4
1260,-0.00816515680667752,0.0,4,4
1261,-0.00816515680667752,0.0,4,4
1262,-0.00816515680667752,0.0,4,4
1263,-0.00816515680667752,0.0,4,4
1264,-0.009631659228900325,0.0,4,4
1265,-0.009631659228900325,0.0,4,4
1266,-0.009631659228900325,0.0,4,4
1267,0.12114038414684687,0.125,5,3
1268,0.12114038414684687,0.125,5,3
1269,0.12114038414684687,0.125,5,3
1270,0.12114038414684687,0.125,5,3
1271,0.12114038414684687,0.125,5,3
1272,0.12114038414684687,0.125,5,3
1273,0.12114038414684687,0.125,5,3
1274,0.12131800066238402,0.125,5,3
1275,0.12131800066238402,0.125,5,3
1276,0.12131800066238402,0.125,5,3
1277,0.12131800066238402,0.125,5,3
1278,0.12131800066238402,0.125,5,3
1279,0.12131800066238402,0.125,5,3
1280,0.12151319941885311,0.125,5,3
1281,0.12070585162095702,0.125,5,3
1282,0.12070585162095702,0.125,5,3
1283,0.11722779730762069,0.125,5,3
1284,0.11722779730762069,0.125,5,3
1285,0.11820953222986233,0.125,5,3
1286,0.11832507267027234,0.125,5,3
1287,0.11832507267027234,0.125,5,3
1288,-0.013215924630315443,0.0,4,4
1289,-0.011266089993085515,0.0,4,4
1290,-0.00874860014862376,0.0,4,4
1291,-0.00874860014862376,0.0,4,4
1292,-0.00874860014862376,0.0,4,4
1293,-0.00874860014862376,0.0,4,4
1294,-0.00874860014862376,0.0,4,4
1295,-0.010393436728870721,0.0,4,4
1296,-0.009340296379170714,0.0,4,4
1297,-0.009340296379170714,0.0,4,4
1298,-0.012646475316866069,0.0,4,4
1299,-0.013516616832376297,0.0,4,4
1300,-0.013516616832376297,0.0,4,4
1301,-0.013516616832376297,0.0,4,4
1302,-0.013516616832376297,0.0,4,4
1303,-0.13363884570076534,-0.125,3,5
1304,-0.13442825243648596,-0.125,3,5
1305,-0.13414478365411356,-0.125,3,5
1306,-0.13414478365411356,-0.125,3,5
1307,-0.13602428932761565,-0.125,3,5
1308,-0.1345915161022827,-0.125,3,5
1309,-0.00350658060219534,-0.125,4,4
1310,0.12098357926343328,0.125,5,3
1311,-0.00350658060219534,-0.125,4,4
1312,-0.0037670848249831443,-0.125,4,4
1313,-0.1286408245999233,-0.125,3,5
1314,-0.1286408245999233,-0.125,3,5
1315,-0.1286408245999233,-0.125,3,5
1316,-0.006507043840420711,0.0,4,4
1317,-0.006507043840420711,0.0,4,4
1318,-0.004384975006306284,0.0,4,4
1319,-0.004224223089214085,0.0,4,4
1320,-0.0033092289182651852,0.0,4,4
1321,-0.0028976609519599356,0.0,4,4
1322,-0.004151382376781682,-0.125,4,4
1323,-0.004151382376781682,-0.125,4,4
1324,-0.01288042676763418,-0.125,4,4
1325,-0.009332761133057017,-0.125,4,4
1326,-0.008401261184906687,-0.125,4,4
1327,-0.008401261184906687,-0.125,4,4
1328,-0.006459320615033964,-0.125,4,4
1329,-0.006459320615033964,-0.125,4,4
1330,0.12266429796803117,0.0,5,3
1331,0.1199121390303143,0.0,5,3
1332,-0.00297516634055796,0.0,4,4
1333,-0.1355212219442155,-0.125,3,5
1334,-0.1355212219442155,-0.125,3,5
1335,-0.1355212219442155,-0.125,3,5
1336,-0.014714003321967073,-0.125,4,4
1337,-0.014714003321967073,-0.125,4,4
1338,0.11783205228169047,0.125,5,3
1339,0.11783205228169047,0.125,5,3
1340,0.11873843474279513,0.125,5,3
1341,0.11873843474279513,0.125,5,3
1342,0.11842984847337708,0.125,5,3
1343,0.11635765579211045,0.125,5,3
1344,-0.01415531864582298,0.0,4,4
1345,-0.012974796754677146,0.0,4,4
1346,-0.011910174125184837,0.0,4,4
1347,-0.011910174125184837,0.0,4,4
1348,-0.13124299625785324,-0.125,3,5
1349,-0.13124299625785324,-0.125,3,5
1350,-0.13124299625785324,-0.125,3,5
1351,-0.13124299625785324,-0.125,3,5
1352,-0.13124299625785324,-0.125,3,5
1353,-0.13124299625785324,-0.125,3,5
1354,-0.13124299625785324,-0.125,3,5
1355,-0.12842947888749626,-0.125,3,5
1356,-0.12839969672428497,-0.125,3,5
1357,-0.12839969672428497,-0.125,3,5
1358,-0.12839969672428497,-0.125,3,5
1359,-0.12839969672428497,-0.125,3,5
1360,-0.007357091366294414,0.0,4,4
1361,-0.009962492415415965,0.0,4,4
1362,-0.009962492415415965,0.0,4,4
1363,-0.009962492415415965,0.0,4,4
1364,0.11885002814952655,0.125,5,3
1365,0.11985221588264823,0.125,5,3
1366,0.11985221588264823,0.125,5,3
1367,0.11985221588264823,0.125,5,3
1368,0.11985221588264823,0.125,5,3
1369,0.11985221588264823,0.125,5,3
1370,0.11985221588264823,0.125,5,3
1371,0.11985221588264823,0.125,5,3
1372,0.12269695070119054,0.125,5,3
1373,0.12394923684103824,0.125,5,3
1374,0.12310672456127823,0.125,5,3
1375,-0.0021021542550996573,0.0,4,4
1376,-0.002631056768032472,0.0,4,4
1377,-0.0033293229079017104,-0.125,4,4
1378,-0.0033293229079017104,-0.125,4,4
1379,-0.004050194786112039,-0.125,4,4
1380,0.12187955590847618,0.125,5,3
1381,0.12187955590847618,0.125,5,3
1382,0.12187955590847618,0.125,5,3
1383,0.12187955590847618,0.0,5,3
1384,0.12300338404314753,0.0,5,3
1385,0.12228322980742423,0.0,5,3
1386,0.0006866044494551837,0.0,4,4
1387,0.0006866044494551837,0.0,4,4
1388,-0.001288347674820401,0.0,4,4
1389,-0.001288347674820401,0.0,4,4
1390,-0.001288347674820401,0.0,4,4
1391,-0.001288347674820401,0.0,4,4
1392,-0.00026176009714008703,0.0,4,4
1393,-0.00026176009714008703,0.0,4,4
1394,-0.00026176009714008703,0.0,4,4
1395,-0.00026176009714008703,0.0,4,4
1396,-0.0016726452266189386,0.0,4,4
1397,-0.0016726452266189386,0.0,4,4
1398,-0.0016726452266189386,0.0,4,4
1399,-0.0016726452266189386,0.0,4,4
1400,-0.0016726452266189386,0.0,4,4
1401,-0.0013859470530549502,0.0,4,4
1402,-0.0013859470530549502,0.0,4,4
1403,-0.0013859470530549502,0.0,4,4
1404,-0.13329114791580474,-0.125,3,5
1405,-0.13329114791580474,-0.125,3,5
1406,-0.13329114791580474,-0.125,3,5
1407,-0.2727158067575369,-0.25,2,6
1408,-0.14837168713801666,-0.25,3,5
1409,-0.14594139085572766,-0.25,3,5
1410,-0.14954359731931827,-0.125,3,5
1411,-0.14954359731931827,-0.125,3,5
1412,-0.15127060396432887,-0.125,3,5
1413,-0.15270122426220073,-0.125,3,5
1414,-0.14518966035057554,-0.125,3,5
1415,-0.14906062392555464,-0.125,3,5
1416,-0.1462837063220356,-0.125,3,5
1417,-0.01129084865888766,-0.125,4,4
1418,-0.00807293974709561,0.0,4,4
1419,-0.00807293974709561,0.0,4,4
1420,-0.012378435847964568,0.0,4,4
1421,-0.01588017236337253,0.0,4,4
1422,-0.01588017236337253,0.0,4,4
1423,-0.00716476317977339,0.0,4,4
1424,-0.00716476317977339,0.0,4,4
1425,-0.004581609047749419,0.0,4,4
1426,-0.004581609047749419,0.0,4,4
1427,-0.00754224312794525,0.0,4,4
1428,-0.00754224312794525,0.0,4,4
1429,-0.006884882609836079,0.0,4,4
1430,-0.007342379695310529,0.0,4,4
1431,-0.004195876210976844,0.0,4,4
1432,-0.009463730886937938,0.0,4,4
1433,-0.009463730886937938,0.0,4,4
1434,-0.009463730886937938,0.0,4,4
1435,-0.006860482765277442,0.0,4,4
1436,-0.006860482765277442,0.0,4,4
1437,-0.006860482765277442,0.0,4,4
1438,-0.00869047110717524,0.0,4,4
1439,-0.00869047110717524,0.0,4,4
1440,-0.00869047110717524,0.0,4,4
1441,-0.00869047110717524,0.0,4,4
1442,-0.009344602234092827,0.0,4,4
1443,-0.009344602234092827,0.0,4,4
1444,-0.006395091612445786,0.0,4,4
1445,-0.00891975788177773,0.0,4,4
1446,-0.00891975788177773,0.0,4,4
1447,-0.007747488879232611,0.0,4,4
1448,-0.00819386250615827,0.0,4,4
1449,-0.012907697182140892,0.0,4,4
1450,-0.13381610339505895,-0.125,3,5
1451,-0.13381610339505895,-0.125,3,5
1452,-0.13381610339505895,-0.125,3,5
1453,-0.13381610339505895,-0.125,3,5
1454,-0.012556052363501708,0.0,4,4
1455,-0.011538435316909129,0.0,4,4
1456,-0.011538435316909129,0.0,4,4
1457,-0.010731087519013041,0.0,4,4
1458,-0.008198168361080381,0.0,4,4
1459,-0.0077984414958109415,0.0,4,4
1460,-0.0077984414958109415,0.0,4,4
1461,-0.14749472801887975,-0.125,3,5
1462,-0.14749472801887975,-0.125,3,5
1463,-0.14244611312270286,-0.125,3,5
1464,-0.14244611312270286,-0.125,3,5
1465,-0.14244611312270286,-0.125,3,5
1466,-0.14244611312270286,-0.125,3,5
1467,-0.14244611312270286,-0.125,3,5
1468,-0.14244611312270286,-0.125,3,5
1469,-0.14244611312270286,-0.125,3,5
1470,-0.14254622424964197,-0.125,3,5
1471,-0.26512350806612217,-0.25,2,6
1472,-0.26512350806612217,-0.25,2,6
1473,-0.26512350806612217,-0.25,2,6
1474,-0.14186374624448717,-0.125,3,5
1475,-0.14186374624448717,-0.125,3,5
1476,-0.14186374624448717,-0.125,3,5
1477,-0.1417162707134048,-0.125,3,5
1478,-0.14288279857605377,-0.125,3,5
1479,-0.14288279857605377,-0.125,3,5
1480,-0.14288279857605377,-0.125,3,5
1481,-0.14378164579104474,-0.125,3,5
1482,-0.14378164579104474,-0.125,3,5
1483,-0.016100488606887287,0.0,4,4
1484,-0.016100488606887287,0.0,4,4
1485,-0.016100488606887287,0.0,4,4
1486,-0.016100488606887287,0.0,4,4
1487,-0.015384999047329598,0.0,4,4
1488,-0.015384999047329598,0.0,4,4
1489,-0.015384999047329598,0.0,4,4
1490,-0.015384999047329598,0.0,4,4
1491,-0.01493216663802077,0.0,4,4
1492,-0.010605141262541251,0.0,4,4
1493,-0.010605141262541251,0.0,4,4
1494,0.1230554131234564,0.125,5,3
1495,0.12297683127112784,0.0,5,3
1496,-0.01533799346442987,0.0,4,4
1497,-0.01533799346442987,0.0,4,4
1498,-0.01634484587371717,0.0,4,4
1499,-0.01634484587371717,0.0,4,4
1500,-0.016460027492883677,0.0,4,4
1501,-0.016460027492883677,0.0,4,4
1502,-0.016460027492883677,0.0,4,4
1503,-0.016460027492883677,0.0,4,4
1504,-0.016460027492883677,0.0,4,4
1505,-0.009626276910247684,0.0,4,4
1506,-0.008842611314423215,0.0,4,4
1507,-0.011115385070811579,0.0,4,4
1508,-0.015220300096558797,0.0,4,4
1509,-0.14383869836876276,-0.125,3,5
1510,-0.14383869836876276,-0.125,3,5
1511,-0.14383869836876276,-0.125,3,5
1512,-0.14546989974175636,-0.125,3,5
1513,-0.14716389483236408,-0.125,3,5
1514,-0.14457751130914853,-0.125,3,5
1515,-0.14749113980644465,-0.125,3,5
1516,-0.14749113980644465,-0.125,3,5
1517,-0.14765547993597194,-0.125,3,5
1518,-0.14765547993597194,-0.125,3,5
1519,-0.012785339138104196,0.0,4,4
1520,-0.13231443649097224,-0.125,3,5
1521,-0.01026282579623331,0.0,4,4
1522,-0.007212127583916627,0.0,4,4
1523,-0.009077998050165363,0.0,4,4
1524,-0.009077998050165363,0.0,4,4
1525,-0.009077998050165363,0.0,4,4
1526,-0.010144055964631707,0.0,4,4
1527,-0.010144055964631707,0.0,4,4
1528,-0.013441623192482838,0.0,4,4
1529,-0.013441623192482838,0.0,4,4
1530,-0.011236307829874236,0.0,4,4
1531,-0.011236307829874236,0.0,4,4
1532,-0.007302909358524498,0.0,4,4
1533,-0.0018208384001883093,0.0,4,4
1534,-0.007292503542462726,0.0,4,4
1535,-0.007292503542462726,0.0,4,4
1536,-0.01042860121073464,0.0,4,4
1537,-0.01042860121073464,0.0,4,4
1538,-0.01042860121073464,0.0,4,4
1539,-0.009515042324759778,0.0,4,4
1540,-0.009515042324759778,0.0,4,4
1541,-0.009515042324759778,0.0,4,4
1542,-0.009515042324759778,0.0,4,4
1543,-0.009515042324759778,0.0,4,4
1544,0.11893040410807265,0.125,5,3
1545,0.11893040410807265,0.125,5,3
1546,0.12098716747586838,0.125,5,3
1547,0.12098716747586838,0.125,5,3
1548,0.11928420185417289,0.125,5,3
1549,0.11928420185417289,0.125,5,3
1550,0.11928420185417289,0.125,5,3
1551,0.11928420185417289,0.125,5,3
1552,-0.0016557806281739982,0.0,4,4
1553,-0.0016557806281739982,0.0,4,4
1554,0.0006683045660362057,0.0,4,4
1555,0.0007601628043746051,0.0,4,4
1556,0.0007601628043746051,0.0,4,4
1557,0.0007601628043746051,0.0,4,4
1558,0.0007601628043746051,0.0,4,4
1559,0.0003435713406602239,0.0,4,4
1560,0.0003435713406602239,0.0,4,4
1561,-0.002520898646275095,0.0,4,4
1562,0.11916112616764918,0.125,5,3
1563,0.11994335647849962,0.125,5,3
1564,0.12165636909501336,0.125,5,3
1565,0.12420579403014745,0.125,5,3
1566,0.12420579403014745,0.125,5,3
1567,0.12420579403014745,0.125,5,3
1568,0.001741538905372738,0.0,4,4
1569,0.001741538905372738,0.0,4,4
1570,0.001741538905372738,0.0,4,4
1571,0.001741538905372738,0.0,4,4
1572,0.001741538905372738,0.0,4,4
1573,0.001741538905372738,0.0,4,4
1574,0.0024444697214075985,0.0,4,4
1575,0.0024444697214075985,0.0,4,4
1576,0.0024444697214075985,0.0,4,4
1577,0.12364962110270791,0.125,5,3
1578,0.0024444697214075985,0.0,4,4
1579,0.12474330825292448,0.125,5,3
1580,0.12474330825292448,0.125,5,3
1581,0.12362306833068823,0.125,5,3
1582,0.12362306833068823,0.125,5,3
1583,0.12478277858971051,0.125,5,3
1584,0.12478277858971051,0.125,5,3
1585,0.12478277858971051,0.125,5,3
1586,-0.012889038477478406,0.0,4,4
1587,-0.012364800640711212,0.0,4,4
1588,-0.010368319241825066,0.0,4,4
1589,-0.01123415490241318,0.0,4,4
1590,-0.01123415490241318,0.0,4,4
1591,-0.01123415490241318,0.0,4,4
1592,-0.011162031832467797,-0.125,4,4
1593,-0.011162031832467797,0.0,4,4
1594,-0.1340245785375379,-0.125,3,5
1595,-0.1340245785375379,-0.125,3,5
1596,0.0038851370140977276,0.0,4,4
1597,0.0011677837370012518,0.0,4,4
1598,0.12308447764418065,0.125,5,3
1599,0.12042022991112357,0.125,5,3
1600,0.12042022991112357,0.125,5,3
1601,-0.0055303324155882,0.0,4,4
1602,-0.016157541184605276,0.0,4,4
1603,-0.016157541184605276,0.0,4,4
1604,-0.013860008762414767,0.0,4,4
1605,-0.017088682311512098,0.0,4,4
1606,-0.014179359669138109,0.0,4,4
1607,-0.017872347907336567,0.0,4,4
1608,-0.017872347907336567,0.0,4,4
1609,-0.016762872622405587,0.0,4,4
1610,-0.016762872622405587,0.0,4,4
1611,-0.014441657998143459,0.0,4,4
1612,-0.01329199473393943,0.0,4,4
1613,-0.01329199473393943,0.0,4,4
1614,-0.014722256210567788,0.0,4,4
1615,-0.017232928451402865,0.0,4,4
1616,-0.017232928451402865,0.0,4,4
1617,-0.014330064591412044,0.0,4,4
1618,-0.1336797513225254,-0.125,3,5
1619,-0.011031062078586876,0.0,4,4
1620,-0.011696675485296761,0.0,4,4
1621,-0.013526305005951051,0.0,4,4
1622,-0.013526305005951051,-0.125,4,4
1623,-0.13905309944407826,-0.125,3,5
1624,-0.137549638433774,-0.125,3,5
1625,-0.137549638433774,-0.125,3,5
1626,-0.1396598661668526,-0.125,3,5
1627,-0.1398593707782438,-0.125,3,5
1628,-0.011807910070784666,-0.125,4,4
1629,-0.01330347701373173,-0.125,4,4
1630,-0.01330347701373173,-0.125,4,4
1631,-0.01330347701373173,-0.125,4,4
1632,-0.01330347701373173,-0.125,4,4
1633,-0.014280547259807751,-0.125,4,4
1634,-0.014280547259807751,0.0,4,4
1635,-0.014280547259807751,0.0,4,4
1636,-0.014280547259807751,0.0,4,4
1637,-0.014280547259807751,0.0,4,4
1638,-0.01205764965626719,0.0,4,4
1639,-0.01205764965626719,0.0,4,4
1640,-0.013666245290919705,0.0,4,4
1641,-0.013666245290919705,0.0,4,4
1642,-0.01472692088673341,0.0,4,4
1643,-0.01472692088673341,0.0,4,4
1644,-0.013482887635486416,0.0,4,4
1645,-0.014170030316806864,0.0,4,4
1646,-0.014170030316806864,0.0,4,4
1647,-0.014170030316806864,0.0,4,4
1648,-0.014170030316806864,0.0,4,4
1649,-0.010178502804008607,0.0,4,4
1650,-0.010178502804008607,0.0,4,4
1651,-0.010178502804008607,0.0,4,4
1652,-0.010178502804008607,0.0,4,4
1653,-0.010178502804008607,0.0,4,4
1654,-0.010174196949086495,0.0,4,4
1655,-0.010174196949086495,0.0,4,4
1656,-0.010220843710742713,0.0,4,4
1657,-0.13503250741055572,-0.125,3,5
1658,-0.13503250741055572,-0.125,3,5
1659,0.003190100265420074,0.0,4,4
1660,0.002290894229185587,0.0,4,4
1661,0.002290894229185587,0.0,4,4
1662,0.002290894229185587,0.0,4,4
1663,0.002290894229185587,0.0,4,4
1664,-0.0015872457706637081,0.0,4,4
1665,-0.0015872457706637081,0.0,4,4
1666,-0.0015872457706637081,0.0,4,4
1667,0.1271025579289986,0.125,5,3
1668,0.12654530853782855,0.125,5,3
1669,0.12759163128390189,0.125,5,3
1670,0.12589799501453763,0.125,5,3
1671,0.12589799501453763,0.125,5,3
1672,0.12608494088240602,0.125,5,3
1673,0.12576881936687426,0.125,5,3
1674,0.12284514387475991,0.125,5,3
1675,0.12284514387475991,0.125,5,3
1676,-0.011528029500847357,0.0,4,4
1677,-0.011528029500847357,0.0,4,4
1678,-0.011528029500847357,0.0,4,4
1679,0.12284514387475991,0.125,5,3
1680,0.12284514387475991,0.125,5,3
1681,0.12284514387475991,0.125,5,3
1682,0.12284514387475991,0.125,5,3
1683,0.12359005677628536,0.125,5,3
1684,0.12359005677628536,0.125,5,3
1685,-0.006261251288616791,0.0,4,4
1686,-0.006261251288616791,0.0,4,4
1687,-0.006261251288616791,0.0,4,4
1688,0.12359005677628536,0.125,5,3
1689,0.12359005677628536,0.125,5,3
1690,-0.007863746962129646,0.0,4,4
1691,-0.007863746962129646,0.0,4,4
1692,-0.007863746962129646,0.0,4,4
1693,-0.007863746962129646,0.0,4,4
1694,-0.007863746962129646,0.0,4,4
1695,-0.007863746962129646,0.0,4,4
1696,-0.009179903283322025,0.0,4,4
1697,-0.009179903283322025,0.0,4,4
1698,-0.009179903283322025,0.0,4,4
1699,-0.14454306446977164,-0.125,3,5
1700,-0.1436524701433814,-0.125,3,5
1701,-0.008289308956931763,-0.125,4,4
1702,-0.0076093427004815025,-0.125,4,4
1703,-0.0076093427004815025,-0.125,4,4
1704,-0.0071245752005003405,-0.125,4,4
1705,-0.14558831075211445,-0.125,3,5
1706,-0.14458217598531417,-0.125,3,5
1707,-0.015231423555107588,0.0,4,4
1708,-0.018045299746708085,0.0,4,4
1709,-0.018045299746708085,0.0,4,4
1710,-0.018045299746708085,0.0,4,4
1711,-0.021998792207694347,0.0,4,4
1712,-0.0218936575833461,0.0,4,4
1713,-0.0218936575833461,0.0,4,4
1714,-0.0218936575833461,0.0,4,4
1715,-0.0218936575833461,0.0,4,4
1716,-0.024994231948510588,0.0,4,4
1717,-0.024994231948510588,0.0,4,4
1718,-0.024994231948510588,0.0,4,4
1719,-0.024994231948510588,0.0,4,4
1720,-0.023725440031461445,0.0,4,4
1721,-0.021938151417541265,0.0,4,4
1722,-0.021938151417541265,0.0,4,4
1723,-0.1410341515294935,-0.125,3,5
1724,-0.1410341515294935,-0.125,3,5
1725,-0.1410341515294935,-0.125,3,5
1726,-0.1410341515294935,-0.125,3,5
1727,-0.1410341515294935,-0.125,3,5
1728,-0.1410341515294935,-0.125,3,5
1729,-0.13596221325248853,-0.125,3,5
1730,-0.13351218180180652,-0.125,3,5
1731,-0.13468516844683867,-0.125,3,5
1732,-0.13468516844683867,-0.125,3,5
1733,-0.13468516844683867,-0.125,3,5
1734,-0.13468516844683867,-0.125,3,5
1735,-0.13825256924980883,-0.125,3,5
1736,-0.13800498259178737,-0.125,3,5
1737,-0.1376382672809208,-0.125,3,5
1738,-0.13555638642607942,-0.125,3,5
1739,-0.13555638642607942,-0.125,3,5
1740,-0.13535580535095768,-0.125,3,5
1741,-0.13535580535095768,-0.125,3,5
1742,-0.13535580535095768,-0.125,3,5
1743,-0.13535580535095768,-0.125,3,5
1744,-0.13240234769563203,-0.125,3,5
1745,-0.13246729434070723,-0.125,3,5
1746,-0.13067928808430002,-0.125,3,5
1747,-0.13067928808430002,-0.125,3,5
1748,-0.13067928808430002,-0.125,3,5
1749,-0.13079446970346653,-0.125,3,5
1750,-0.13296139119301964,-0.125,3,5
1751,-0.13296139119301964,-0.125,3,5
1752,-0.13296139119301964,-0.125,3,5
1753,-0.13296139119301964,-0.125,3,5
1754,-0.13713950575244277,-0.125,3,5
1755,-0.13713950575244277,-0.125,3,5
1756,-0.13713950575244277,-0.125,3,5
1757,-0.13645810421101848,-0.125,3,5
1758,-0.13600527180170963,-0.125,3,5
1759,-0.13600527180170963,-0.125,3,5
1760,-0.13600527180170963,-0.125,3,5
1761,-0.1354752928250463,-0.125,3,5
1762,-0.1354752928250463,-0.125,3,5
1763,-0.13450504018259696,-0.125,3,5
1764,-0.13470167422404009,-0.125,3,5
1765,-0.13277803353758635,-0.125,3,5
1766,-0.13277803353758635,-0.125,3,5
1767,-0.13497079015667213,-0.125,3,5
1768,-0.13497079015667213,-0.125,3,5
1769,-0.1341053133173275,-0.125,3,5
1770,-0.1341053133173275,-0.125,3,5
1771,-0.014632550899690445,0.0,4,4
1772,-0.014632550899690445,0.0,4,4
1773,-0.0172264696690197,0.0,4,4
1774,-0.0172264696690197,0.0,4,4
1775,-0.13669923208665677,-0.125,3,5
1776,-0.13610394764367473,-0.125,3,5
1777,-0.13610394764367473,-0.125,3,5
1778,-0.13610394764367473,-0.125,3,5
1779,-0.13610394764367473,-0.125,3,5
1780,-0.13610394764367473,-0.125,3,5
1781,-0.13610394764367473,-0.125,3,5
1782,-0.13610394764367473,-0.125,3,5
1783,-0.13622092336905878,-0.125,3,5
1784,-0.13123617865422657,-0.125,3,5
1785,-0.1289476167631238,-0.125,3,5
1786,-0.1330026556360232,-0.125,3,5
1787,-0.1330026556360232,-0.125,3,5
1788,0.0025546278431649756,0.0,4,4
1789,-0.13272708092100802,-0.125,3,5
1790,-0.1318996391334754,-0.125,3,5
1791,-0.1318996391334754,-0.125,3,5
1792,-0.13263629914640016,-0.125,3,5
1793,-0.13126093732002872,-0.125,3,5
1794,-0.13126093732002872,-0.125,3,5
1795,0.003382069630697588,0.0,4,4
1796,0.003382069630697588,0.0,4,4
1797,0.006914664773047358,0.0,4,4
1798,-0.13001044528639855,-0.125,3,5
1799,-0.13187954514383887,-0.125,3,5
1800,-0.13187954514383887,-0.125,3,5
1801,-0.010781322493104352,0.0,4,4
1802,-0.013947919967074562,0.0,4,4
1803,-0.01366911586086778,0.0,4,4
1804,-0.013053737428249208,0.0,4,4
1805,-0.1344307641851905,-0.125,3,5
1806,-0.13414586011784407,-0.125,3,5
1807,0.0027792499416018426,0.0,4,4
1808,0.0027792499416018426,0.0,4,4
1809,0.0027792499416018426,0.0,4,4
1810,0.0027792499416018426,0.0,4,4
1811,0.0027792499416018426,0.0,4,4
1812,-0.13678642564882953,-0.125,3,5
1813,-0.13678642564882953,-0.125,3,5
1814,-0.13339448843393545,-0.125,3,5
1815,-0.13339448843393545,-0.125,3,5
1816,-0.13275506897800174,-0.125,3,5
1817,-0.0091942561330624,0.0,4,4
1818,-0.13275506897800174,-0.125,3,5
1819,-0.13275506897800174,-0.125,3,5
1820,-0.13275506897800174,-0.125,3,5
1821,-0.13275506897800174,-0.125,3,5
1822,-0.13275506897800174,-0.125,3,5
1823,-0.13687469567473284,-0.125,3,5
1824,-0.01529242316650418,0.0,4,4
1825,-0.01529242316650418,0.0,4,4
1826,-0.01529242316650418,0.0,4,4
1827,0.12181245633593993,0.125,5,3
1828,0.12181245633593993,0.125,5,3
1829,0.12181245633593993,0.125,5,3
1830,0.00023018382771126228,0.0,4,4
1831,0.00023018382771126228,0.0,4,4
1832,0.00023018382771126228,0.0,4,4
1833,0.0014839052525330088,0.0,4,4
1834,0.12385271392653423,0.125,5,3
1835,0.12395569562342142,0.125,5,3
1836,0.12395569562342142,0.0,5,3
1837,0.12395569562342142,0.0,5,3
1838,0.12395569562342142,0.125,5,3
1839,0.12395569562342142,0.125,5,3
1840,0.12395569562342142,0.125,5,3
1841,0.12395569562342142,0.125,5,3
1842,0.12524637563632463,0.125,5,3
1843,0.12502928878400146,0.125,5,3
1844,0.12502928878400146,0.0,5,3
1845,0.12502928878400146,0.0,5,3
1846,0.12502928878400146,0.0,5,3
1847,0.12502928878400146,0.0,5,3
1848,0.12344796356385565,0.0,5,3
1849,0.12344796356385565,0.0,5,3
1850,0.12344796356385565,0.125,5,3
1851,0.12559945573993783,0.125,5,3
1852,0.12491518362856548,0.125,5,3
1853,0.12491518362856548,0.125,5,3
1854,0.12491518362856548,0.125,5,3
1855,0.12491518362856548,0.125,5,3
1856,0.12488827203530227,0.125,5,3
1857,0.0014727817939842183,0.0,4,4
1858,0.0014727817939842183,0.0,4,4
1859,0.0014727817939842183,0.0,4,4
1860,0.0014727817939842183,0.0,4,4
1861,0.0014727817939842183,0.0,4,4
1862,0.12203815489810732,0.125,5,3
1863,0.12203815489810732,0.125,5,3
1864,0.12203815489810732,0.125,5,3
1865,0.11962077618058468,0.125,5,3
1866,0.11962077618058468,0.125,5,3
1867,0.11962077618058468,0.125,5,3
1868,0.0014727817939842183,0.0,4,4
1869,0.0014727817939842183,0.0,4,4
1870,0.0014727817939842183,0.0,4,4
1871,0.12239518203539915,0.125,5,3
1872,0.12239518203539915,0.125,5,3
1873,0.12239518203539915,0.125,5,3
1874,0.12239518203539915,0.125,5,3
1875,-0.008746806042406212,0.0,4,4
1876,0.1222864591986158,0.125,5,3
1877,0.1222864591986158,0.125,5,3
1878,0.12226098289032665,0.125,5,3
1879,-0.010362936923172425,0.0,4,4
1880,-0.1312598608562982,-0.125,3,5
1881,-0.1312598608562982,-0.125,3,5
1882,-0.1312598608562982,-0.125,3,5
1883,-0.1312598608562982,-0.125,3,5
1884,-0.1312598608562982,-0.125,3,5
1885,-0.1312598608562982,-0.125,3,5
1886,-0.1312598608562982,-0.125,3,5
1887,-0.1312598608562982,-0.125,3,5
1888,-0.1312598608562982,-0.125,3,5
1889,-0.1312598608562982,-0.125,3,5
1890,-0.010015956780698861,0.0,4,4
1891,-0.006469367609852227,0.0,4,4
1892,-0.006469367609852227,0.0,4,4
1893,-0.12771327168545155,-0.125,3,5
1894,-0.1289479755843673,-0.125,3,5
1895,-0.1289479755843673,-0.125,3,5
1896,-0.13230403067491048,-0.125,3,5
1897,-0.13133485449619164,-0.125,3,5
1898,-0.13133485449619164,-0.125,3,5
1899,-0.13175324006612357,-0.125,3,5
1900,-0.013347612026683383,0.0,4,4
1901,-0.011427918373908242,0.0,4,4
1902,-0.011427918373908242,0.0,4,4
1903,-0.012921691210637758,0.0,4,4
1904,-0.012921691210637758,0.0,4,4
1905,-0.009672206029416883,0.0,4,4
1906,-0.009672206029416883,0.0,4,4
1907,-0.009672206029416883,0.0,4,4
1908,-0.009672206029416883,0.0,4,4
1909,-0.0038725782705749,0.0,4,4
1910,-0.0038725782705749,0.0,4,4
1911,-0.0038725782705749,0.0,4,4
1912,-0.0038725782705749,0.0,4,4
1913,-0.12552769149123597,-0.125,3,5
1914,-0.12552769149123597,-0.125,3,5
1915,-0.12552769149123597,-0.125,3,5
1916,-0.12552769149123597,-0.125,3,5
1917,-0.12672866619326184,-0.125,3,5
1918,-0.007756459410320345,0.0,4,4
1919,-0.007756459410320345,0.0,4,4
1920,-0.007756459410320345,0.0,4,4
1921,-0.0043121342938738805,0.0,4,4
1922,-0.0043121342938738805,0.0,4,4
1923,-0.0043121342938738805,0.0,4,4
1924,-0.0043121342938738805,0.0,4,4
1925,-0.0043121342938738805,0.0,4,4
1926,-0.004965188957060938,0.0,4,4
1927,-0.0037053675710995325,0.0,4,4
1928,-0.12649615002746778,-0.125,3,5
1929,-0.0012668184002098386,0.0,4,4
1930,-0.0012668184002098386,0.0,4,4
1931,-0.005709384216099376,0.0,4,4
1932,-0.0059171417160913025,0.0,4,4
1933,-0.0031079302006564277,0.0,4,4
1934,-0.01066255266150275,0.0,4,4
1935,-0.01066255266150275,0.0,4,4
1936,-0.01066255266150275,0.0,4,4
1937,-0.014013943075880287,0.0,4,4
1938,-0.014013943075880287,0.0,4,4
1939,-0.014013943075880287,0.0,4,4
1940,-0.014013943075880287,0.0,4,4
1941,-0.018394432816642704,0.0,4,4
1942,-0.018394432816642704,0.0,4,4
1943,-0.018394432816642704,0.0,4,4
1944,-0.018158328438413536,0.0,4,4
1945,-0.018158328438413536,0.0,4,4
1946,-0.018158328438413536,0.0,4,4
1947,-0.018158328438413536,0.0,4,4
1948,-0.017633014137915817,0.0,4,4
1949,-0.017633014137915817,0.0,4,4
1950,-0.017633014137915817,0.0,4,4
1951,-0.017633014137915817,0.0,4,4
1952,-0.018263104241518273,0.0,4,4
1953,-0.018263104241518273,0.0,4,4
1954,-0.018263104241518273,0.0,4,4
1955,-0.018263104241518273,0.0,4,4
1956,-0.018263104241518273,0.0,4,4
1957,-0.018263104241518273,0.0,4,4
1958,-0.0128811444101212,0.0,4,4
1959,-0.01630932257060974,0.0,4,4
1960,-0.01630932257060974,0.0,4,4
1961,-0.014412952298662709,0.0,4,4
1962,-0.014412952298662709,0.0,4,4
1963,-0.014540692661352045,0.0,4,4
1964,-0.012141255006004874,0.0,4,4
1965,-0.012141255006004874,0.0,4,4
1966,0.1187025526184442,0.0,5,3
1967,0.1187025526184442,0.0,5,3
1968,0.11848295401741646,-0.125,5,3
1969,0.11848295401741646,-0.125,5,3
1970,-0.011044338464596723,-0.125,4,4
1971,-0.011044338464596723,-0.125,4,4
1972,-0.01285243871064045,0.0,4,4
1973,-0.01285243871064045,0.0,4,4
1974,-0.01007444464339089,0.0,4,4
1975,-0.01007444464339089,0.0,4,4
1976,-0.012564305252102424,0.0,4,4
1977,-0.012564305252102424,0.0,4,4
1978,-0.012564305252102424,0.0,4,4
1979,-0.010292249138201079,0.0,4,4
1980,-0.010292249138201079,0.0,4,4
1981,-0.016099412143156758,0.0,4,4
1982,-0.015340146391890927,0.0,4,4
1983,-0.015340146391890927,0.0,4,4
1984,-0.015340146391890927,0.0,4,4
1985,-0.015631150420377028,0.0,4,4
1986,-0.015631150420377028,0.0,4,4
1987,-0.01619162920273867,0.0,4,4
1988,-0.01619162920273867,0.0,4,4
1989,-0.01619162920273867,-0.125,4,4
1990,-0.014674174163937532,-0.125,4,4
1991,-0.014674174163937532,-0.125,4,4
1992,-0.014674174163937532,-0.125,4,4
1993,-0.14259179454756768,-0.125,3,5
1994,-0.13953069051918923,-0.125,3,5
1995,-0.13953069051918923,-0.125,3,5
1996,-0.011039314967187592,-0.125,4,4
1997,-0.014327552842707479,-0.125,4,4
1998,-0.14473467501380566,-0.125,3,5
1999,-0.14473467501380566,-0.125,3,5
2000,-0.14275362292839042,-0.25,3,5
